z,c
1100015,772
1100023,5290
1100031,101
1100049,2265
1100056,248
1100064,183
1100072,41
1100080,290
1100098,554
1100106,2945
1100114,1776
1100122,2739
1100130,1313
1100148,325
1100155,937
1100189,664
1100205,29550
1100254,469
1100262,125
1100288,1533
1100296,146
1100304,3559
1100320,884
1100338,1104
1100346,126
1100379,203
1100403,368
1100452,698
1100502,63
1100601,82
1100700,151
1100809,1401
1100908,73
1100924,687
1100940,335
1101005,97
1101104,358
1101203,35
1101302,120
1101401,269
1101435,187
1101450,21
1101468,182
1101476,20
1101484,79
1101492,251
1101500,130
1101559,35
1101609,112
1101708,178
1101757,148
1101807,84
1200013,461
1200054,592
1200104,1159
1200138,373
1200179,249
1200203,3439
1200252,503
1200302,1238
1200328,196
1200336,935
1200344,293
1200351,485
1200385,410
1200393,315
1200401,10456
1200427,149
1200435,339
1200450,525
1200500,1542
1200609,2083
1200708,1145
1200807,510
1300029,1219
1300060,698
1300086,759
1300102,769
1300144,213
1300201,990
1300300,1302
1300409,2620
1300508,966
1300607,1578
1300631,813
1300680,363
1300706,1297
1300805,710
1300839,312
1300904,404
1301001,1919
1301100,1515
1301159,192
1301209,7027
1301308,257
1301407,2281
1301506,545
1301605,800
1301654,930
1301704,3279
1301803,1855
1301852,1962
1301902,2121
1301951,570
1302009,878
1302108,445
1302207,510
1302306,369
1302405,2690
1302504,3891
1302553,491
1302603,48753
1302702,1418
1302801,512
1302900,1601
1303007,828
1303106,962
1303205,471
1303304,692
1303403,4799
1303502,1345
1303536,2110
1303569,1440
1303601,2095
1303700,1220
1303809,4279
1303908,1714
1303957,611
1304005,433
1304062,1842
1304104,971
1304203,3637
1304237,612
1304260,698
1304302,692
1304401,1014
1400027,364
1400050,611
1400100,35998
1400159,766
1400175,1035
1400209,1110
1400233,979
1400282,304
1400308,1172
1400407,339
1400456,1511
1400472,1617
1400506,810
1400605,218
1400704,783
1500107,3186
1500131,359
1500206,781
1500305,2161
1500347,651
1500404,1364
1500503,257
1500602,4171
1500701,563
1500800,7392
1500859,965
1500909,1294
1500958,631
1501006,432
1501105,382
1501204,378
1501253,112
1501303,4417
1501402,36402
1501451,420
1501501,1522
1501576,384
1501600,259
1501709,2323
1501725,732
1501758,473
1501782,301
1501808,2466
1501907,640
1501956,502
1502004,283
1502103,4787
1502152,3861
1502202,1271
1502301,848
1502400,2269
1502509,179
1502608,91
1502707,1489
1502756,1220
1502764,466
1502772,1345
1502806,418
1502855,532
1502905,1709
1502939,981
1502954,294
1503002,407
1503044,302
1503077,727
1503093,177
1503101,1386
1503200,769
1503309,1237
1503408,75
1503457,627
1503507,613
1503606,5842
1503705,533
1503754,1371
1503804,839
1503903,1872
1504000,867
1504059,576
1504109,177
1504208,7857
1504307,191
1504406,619
1504422,1081
1504455,1778
1504505,363
1504604,1333
1504703,1268
1504752,447
1504802,1441
1504901,364
1504950,912
1504976,305
1505007,440
1505031,849
1505064,358
1505106,2262
1505205,567
1505304,4143
1505403,362
1505437,2860
1505486,887
1505494,334
1505502,3150
1505536,23836
1505551,258
1505601,184
1505635,199
1505650,448
1505700,915
1505809,1748
1505908,935
1506005,525
1506104,354
1506112,399
1506138,3738
1506161,962
1506187,516
1506195,1199
1506203,544
1506302,492
1506351,328
1506401,145
1506500,574
1506559,913
1506583,332
1506609,413
1506708,1378
1506807,9554
1506906,246
1507003,375
1507102,514
1507151,997
1507201,277
1507300,1975
1507409,142
1507458,522
1507466,47
1507474,213
1507508,31
1507607,1357
1507706,395
1507755,214
1507805,573
1507904,405
1507953,2162
1507961,290
1507979,399
1508001,991
1508035,548
1508050,315
1508084,2495
1508100,1806
1508126,812
1508159,1116
1508209,474
1508308,1088
1508357,984
1508407,2441
1600055,667
1600105,773
1600154,2638
1600204,1158
1600212,605
1600238,553
1600253,295
1600279,4633
1600303,18323
1600402,1497
1600501,2694
1600535,1189
1600550,351
1600600,8354
1600709,1127
1600808,2659
1700251,70
1700301,409
1700350,138
1700400,79
1700707,507
1701002,274
1701051,65
1701101,44
1701309,191
1701903,51
1702000,434
1702109,14764
1702158,168
1702208,860
1702307,98
1702406,112
1702554,637
1702703,32
1702901,340
1703008,226
1703057,46
1703073,50
1703107,111
1703206,39
1703305,77
1703602,51
1703701,75
1703800,222
1703826,24
1703842,268
1703867,183
1703883,70
1703891,225
1703909,52
1704105,98
1704600,36
1705102,53
1705508,2445
1705557,119
1705607,17
1706001,92
1706100,50
1706258,43
1706506,384
1707009,366
1707108,207
1707207,41
1707306,103
1707405,288
1707553,175
1707652,138
1707702,175
1708205,1142
1708254,148
1708304,93
1709005,465
1709302,944
1709500,3213
1709807,28
1710508,384
1710706,134
1710904,146
1711100,107
1711506,48
1711803,43
1711902,492
1711951,58
1712009,53
1712157,32
1712405,62
1712454,127
1712504,80
1712702,14
1712801,44
1713205,592
1713304,568
1713601,70
1713700,35
1713809,303
1713957,70
1714203,169
1714302,188
1714880,387
1715002,124
1715101,20
1715150,4
1715259,24
1715507,49
1715705,177
1715754,120
1716109,2155
1716208,141
1716307,151
1716505,567
1716604,109
1716653,171
1716703,220
1717008,39
1717206,41
1717503,169
1717800,16
1717909,155
1718006,4
1718204,2420
1718303,154
1718402,73
1718451,22
1718501,76
1718550,132
1718659,41
1718709,131
1718758,149
1718808,317
1718840,40
1718865,277
1718881,26
1718899,37
1718907,43
1719004,122
1720002,80
1720101,327
1720150,30
1720200,314
1720259,23
1720309,273
1720499,20
1720655,131
1720804,242
1720853,57
1720903,71
1720937,18
1720978,89
1721000,15544
1721109,387
1721208,829
1721257,70
1721307,15
1722081,296
1722107,880
2100055,3321
2100105,152
2100154,648
2100204,198
2100303,916
2100402,273
2100436,360
2100477,1452
2100501,285
2100550,3
2100600,1039
2100709,337
2100808,710
2100832,197
2100873,535
2100907,582
2100956,923
2101004,204
2101103,138
2101202,3315
2101251,152
2101301,416
2101350,52
2101400,6174
2101509,18
2101608,3788
2101707,914
2101731,252
2101772,127
2101806,183
2101905,234
2101939,78
2101970,13
2102002,911
2102036,1629
2102077,285
2102101,685
2102150,204
2102200,616
2102309,418
2102325,2314
2102358,236
2102374,173
2102408,5
2102507,131
2102556,473
2102606,90
2102705,381
2102754,368
2102804,386
2102903,358
2103000,4421
2103109,148
2103125,28
2103158,349
2103174,627
2103208,2732
2103257,322
2103307,1812
2103406,1573
2103505,1715
2103554,165
2103604,1641
2103703,532
2103752,265
2103802,384
2103901,424
2104008,624
2104057,2736
2104073,686
2104081,745
2104099,707
2104107,614
2104206,647
2104305,86
2104404,377
2104503,262
2104552,327
2104602,200
2104628,134
2104651,485
2104677,693
2104701,118
2104800,2652
2104909,218
2105005,772
2105104,215
2105153,268
2105203,1045
2105302,6055
2105351,508
2105401,830
2105427,598
2105450,82
2105476,845
2105500,280
2105609,431
2105658,195
2105708,1248
2105807,233
2105906,503
2105922,10
2105948,399
2105963,111
2105989,175
2106003,711
2106102,386
2106201,185
2106300,400
2106326,507
2106359,162
2106375,429
2106409,345
2106508,262
2106607,426
2106631,231
2106672,187
2106706,709
2106755,141
2106805,133
2106904,749
2107001,441
2107100,142
2107209,242
2107258,106
2107308,27
2107357,278
2107407,517
2107456,193
2107506,641
2107605,31
2107704,396
2107803,576
2107902,582
2108009,465
2108058,161
2108108,856
2108207,1624
2108256,88
2108306,223
2108405,160
2108454,350
2108504,596
2108603,2045
2108702,879
2108801,249
2108900,1043
2109007,848
2109056,104
2109106,1388
2109205,29
2109239,259
2109270,169
2109304,59
2109403,44
2109452,144
2109502,610
2109551,163
2109601,379
2109700,287
2109759,47
2109809,1404
2109908,4354
2110005,2559
2110039,518
2110104,447
2110203,279
2110237,167
2110278,106
2110302,717
2110401,978
2110500,491
2110609,846
2110658,156
2110708,1501
2110807,187
2110856,345
2110906,107
2111003,132
2111029,407
2111052,128
2111078,579
2111102,1233
2111201,1285
2111250,308
2111300,20308
2111409,634
2111508,1155
2111532,464
2111573,212
2111607,1619
2111631,75
2111672,250
2111706,206
2111722,128
2111748,370
2111763,212
2111789,196
2111805,1007
2111904,137
2111953,115
2112001,273
2112100,352
2112209,4203
2112233,610
2112274,117
2112308,1377
2112407,248
2112456,316
2112506,1027
2112605,1652
2112704,751
2112803,282
2112852,302
2112902,676
2113009,1545
2114007,3552
2200053,38
2200103,61
2200202,949
2200251,97
2200277,161
2200301,159
2200400,1436
2200459,43
2200509,360
2200608,108
2200707,96
2200806,215
2200905,63
2200954,75
2201002,23
2201051,129
2201101,30
2201150,1191
2201176,12
2201200,2551
2201309,27
2201408,419
2201507,411
2201556,39
2201572,97
2201606,257
2201705,339
2201739,29
2201770,97
2201804,128
2201903,1291
2201919,41
2201929,69
2201945,139
2201960,116
2201988,13
2202000,739
2202026,40
2202059,219
2202075,10
2202083,303
2202091,126
2202109,38
2202117,14
2202133,112
2202174,220
2202208,2295
2202251,12
2202307,319
2202406,182
2202455,20
2202505,167
2202539,160
2202554,37
2202604,137
2202653,106
2202703,686
2202711,83
2202729,172
2202737,109
2202752,48
2202778,56
2202802,19
2202851,26
2202901,365
2203008,16
2203107,110
2203206,176
2203230,151
2203255,166
2203271,53
2203305,1036
2203354,101
2203404,89
2203420,15
2203453,69
2203503,300
2203602,21
2203701,1013
2203750,32
2203800,33
2203859,59
2203909,2493
2204006,34
2204105,26
2204154,124
2204204,64
2204303,157
2204352,81
2204402,149
2204501,86
2204550,14
2204600,292
2204659,254
2204709,198
2204808,156
2204907,114
2205003,57
2205102,32
2205151,11
2205201,103
2205250,15
2205276,47
2205300,114
2205359,23
2205409,746
2205458,327
2205508,1190
2205516,81
2205524,12
2205532,20
2205540,149
2205557,203
2205565,348
2205573,60
2205581,285
2205599,38
2205607,24
2205706,353
2205805,1573
2205854,366
2205904,120
2205953,316
2206001,67
2206050,6
2206100,352
2206209,1041
2206308,31
2206357,15
2206407,505
2206506,154
2206605,228
2206654,20
2206670,360
2206696,73
2206704,74
2206720,122
2206753,47
2206803,482
2206902,62
2206951,67
2207009,1383
2207108,93
2207207,96
2207306,21
2207355,6
2207405,77
2207504,196
2207553,46
2207603,67
2207702,6673
2207751,178
2207777,47
2207793,102
2207801,99
2207850,67
2207900,396
2207934,13
2207959,29
2208007,3218
2208106,201
2208205,172
2208304,478
2208403,2285
2208502,482
2208551,130
2208601,24
2208650,185
2208700,126
2208809,162
2208858,1
2208874,8
2208908,344
2209005,84
2209104,569
2209153,29
2209203,36
2209302,97
2209351,18
2209377,36
2209401,13
2209450,58
2209500,78
2209559,14
2209609,26
2209658,16
2209708,21
2209757,22
2209807,88
2209856,61
2209872,100
2209906,130
2209955,43
2209971,268
2210003,258
2210052,50
2210102,20
2210201,38
2210300,101
2210359,5
2210375,31
2210383,8
2210391,2
2210409,172
2210508,394
2210607,1194
2210623,4
2210631,139
2210656,122
2210706,225
2210805,165
2210904,25
2210938,180
2210953,12
2210979,10
2211001,30795
2211100,881
2211209,1595
2211308,645
2211357,30
2211407,39
2211506,20
2211605,55
2211704,244
2300101,74
2300150,1709
2300200,2678
2300309,865
2300408,35
2300507,483
2300606,26
2300705,434
2300754,807
2300804,45
2300903,234
2301000,1004
2301109,1784
2301208,770
2301257,103
2301307,201
2301406,240
2301505,45
2301604,334
2301703,377
2301802,96
2301851,552
2301901,1963
2301950,323
2302008,224
2302057,767
2302107,576
2302206,795
2302305,1203
2302404,1042
2302503,1587
2302602,2344
2302701,366
2302800,1924
2302909,708
2303006,318
2303105,788
2303204,703
2303303,499
2303402,584
2303501,1544
2303600,230
2303659,340
2303709,5734
2303808,466
2303907,799
2303931,324
2303956,518
2304004,1248
2304103,4420
2304202,6263
2304236,208
2304251,862
2304269,183
2304277,260
2304285,1802
2304301,1090
2304350,740
2304400,48788
2304459,158
2304509,1487
2304608,134
2304657,547
2304707,1266
2304806,80
2304905,724
2304954,283
2305001,724
2305100,122
2305209,300
2305233,1750
2305266,135
2305308,763
2305332,471
2305357,517
2305407,1175
2305506,3237
2305605,274
2305654,199
2305704,174
2305803,1717
2305902,896
2306009,533
2306108,377
2306207,263
2306256,680
2306306,1111
2306405,2642
2306504,340
2306553,1949
2306603,865
2306702,779
2306801,279
2306900,1377
2307007,902
2307106,201
2307205,70
2307254,811
2307304,15031
2307403,457
2307502,481
2307601,1542
2307635,474
2307650,6685
2307700,4768
2307809,447
2307908,188
2308005,941
2308104,1004
2308203,644
2308302,376
2308351,288
2308377,402
2308401,807
2308500,973
2308609,468
2308708,1978
2308807,496
2308906,491
2309003,503
2309102,151
2309201,88
2309300,725
2309409,435
2309458,456
2309508,1166
2309607,1291
2309706,1685
2309805,283
2309904,246
2310001,101
2310100,234
2310209,870
2310258,1055
2310308,291
2310407,188
2310506,324
2310605,41
2310704,747
2310803,378
2310852,426
2310902,418
2310951,253
2311009,153
2311108,334
2311207,121
2311231,119
2311264,394
2311306,3675
2311355,1002
2311405,2302
2311504,709
2311603,1424
2311702,673
2311801,2959
2311900,103
2311959,307
2312007,933
2312106,191
2312205,1385
2312304,965
2312403,2392
2312502,175
2312601,143
2312700,552
2312809,404
2312908,11650
2313005,691
2313104,1094
2313203,260
2313252,35
2313302,1357
2313351,505
2313401,3509
2313500,689
2313559,503
2313609,927
2313708,82
2313757,291
2313807,725
2313906,580
2313955,959
2314003,832
2314102,1892
2400109,98
2400208,1516
2400307,133
2400406,26
2400505,147
2400604,40
2400703,368
2400802,98
2400901,8
2401008,2040
2401107,812
2401206,216
2401404,89
2401453,504
2401503,33
2401602,27
2401651,9
2401701,117
2401800,152
2401859,87
2401909,61
2402006,2507
2402105,232
2402204,300
2402303,411
2402402,43
2402501,115
2402600,768
2402709,49
2402808,47
2402907,19
2403004,64
2403103,701
2403202,131
2403251,5836
2403301,59
2403400,34
2403509,147
2403608,515
2403707,248
2403756,27
2403806,96
2403905,11
2404002,51
2404101,59
2404200,492
2404309,161
2404408,242
2404507,460
2404606,123
2404705,250
2404804,13
2404853,197
2404903,31
2405009,199
2405108,131
2405207,80
2405306,37
2405405,28
2405504,6
2405603,517
2405702,118
2405801,323
2405900,10
2406007,8
2406106,424
2406155,59
2406205,85
2406304,34
2406403,54
2406502,68
2406601,76
2406700,71
2406809,91
2406908,10
2407005,54
2407104,791
2407203,302
2407252,27
2407302,66
2407401,21
2407500,138
2407609,103
2407708,124
2407807,202
2407906,14
2408003,6575
2408102,23453
2408201,408
2408300,390
2408409,59
2408508,33
2408607,10
2408706,65
2408805,71
2408904,117
2408953,80
2409100,127
2409209,32
2409308,117
2409332,68
2409407,197
2409506,67
2409605,6
2409704,22
2409803,106
2409902,277
2410009,36
2410108,288
2410207,33
2410256,78
2410306,114
2410405,91
2410504,34
2410603,37
2410702,44
2410801,15
2410900,150
2411007,27
2411056,72
2411106,42
2411205,472
2411403,64
2411429,24
2411502,365
2411601,60
2411700,50
2411809,63
2411908,16
2412005,2049
2412104,63
2412203,975
2412302,186
2412401,40
2412500,271
2412559,130
2412609,250
2412708,125
2412807,178
2412906,102
2413003,27
2413102,46
2413201,39
2413300,29
2413359,137
2413409,169
2413508,39
2413557,18
2413607,55
2413706,40
2413805,14
2413904,98
2414001,67
2414100,125
2414159,39
2414209,329
2414308,37
2414407,404
2414456,34
2414506,139
2414605,242
2414704,82
2414753,8
2414803,133
2414902,10
2415008,113
2500106,69
2500205,25
2500304,1470
2500403,352
2500502,1027
2500536,68
2500577,27
2500601,664
2500700,393
2500734,17
2500775,131
2500809,498
2500908,229
2501005,257
2501104,502
2501153,11
2501203,68
2501302,220
2501351,46
2501401,688
2501500,425
2501534,142
2501575,97
2501609,113
2501708,67
2501807,1885
2501906,1090
2502003,128
2502052,64
2502102,88
2502151,138
2502201,44
2502300,27
2502409,90
2502508,405
2502607,14
2502706,52
2502805,537
2502904,73
2503001,986
2503100,113
2503209,2960
2503308,114
2503407,11
2503506,337
2503555,56
2503605,455
2503704,1945
2503753,35
2503803,321
2503902,30
2504009,12930
2504033,155
2504074,54
2504108,56
2504157,409
2504207,20
2504306,666
2504355,119
2504405,595
2504504,157
2504603,831
2504702,98
2504801,212
2504850,43
2504900,354
2505006,87
2505105,303
2505204,401
2505238,134
2505279,41
2505303,9
2505352,45
2505402,72
2505501,39
2505600,281
2505709,116
2505808,85
2505907,62
2506004,592
2506103,118
2506202,21
2506251,106
2506301,4482
2506400,446
2506509,37
2506608,155
2506707,82
2506806,1471
2506905,1178
2507002,778
2507101,928
2507200,357
2507309,326
2507408,49
2507507,29244
2507606,431
2507705,259
2507804,117
2507903,559
2508000,194
2508109,8
2508208,154
2508307,747
2508406,28
2508505,106
2508554,168
2508604,491
2508703,21
2508802,120
2508901,2321
2509008,19
2509057,479
2509107,1182
2509156,45
2509206,356
2509305,216
2509339,76
2509370,20
2509396,47
2509404,305
2509503,58
2509602,48
2509701,689
2509800,437
2509909,89
2510006,66
2510105,105
2510204,24
2510303,86
2510402,46
2510501,128
2510600,5
2510659,10
2510709,30
2510808,4285
2510907,306
2511004,61
2511103,42
2511202,1353
2511301,199
2511400,356
2511509,534
2511608,141
2511707,352
2511806,341
2511905,652
2512002,236
2512036,23
2512077,31
2512101,623
2512200,8
2512309,192
2512408,308
2512507,1327
2512606,36
2512705,294
2512721,81
2512747,86
2512754,237
2512762,94
2512788,33
2512804,29
2512903,1150
2513000,38
2513109,271
2513158,91
2513208,66
2513307,22
2513356,94
2513406,278
2513505,41
2513604,33
2513653,23
2513703,3325
2513802,67
2513851,22
2513901,2889
2513927,71
2513943,64
2513968,14
2513984,39
2514008,125
2514107,35
2514206,91
2514305,73
2514404,71
2514453,263
2514503,289
2514552,11
2514602,61
2514651,54
2514701,270
2514800,48
2514909,57
2515005,153
2515104,283
2515203,23
2515302,1161
2515401,48
2515500,256
2515609,74
2515708,68
2515807,278
2515906,181
2515930,332
2515971,192
2516003,729
2516102,219
2516151,16
2516201,1996
2516300,449
2516409,125
2516508,166
2516607,192
2516706,195
2516755,39
2516805,103
2516904,198
2517001,79
2517100,24
2517209,11
2517407,33
2600054,845
2600104,614
2600203,196
2600302,571
2600401,1040
2600500,737
2600609,194
2600708,365
2600807,484
2600906,165
2601003,69
2601052,155
2601102,1929
2601201,1467
2601300,189
2601409,328
2601508,95
2601607,126
2601706,1134
2601805,71
2601904,1076
2602001,253
2602100,697
2602209,683
2602308,328
2602407,30
2602506,95
2602605,961
2602704,53
2602803,432
2602902,1902
2603009,390
2603108,268
2603207,527
2603306,60
2603405,173
2603454,2076
2603504,214
2603603,153
2603702,398
2603801,404
2603900,243
2603926,36
2604007,580
2604106,8058
2604155,88
2604205,555
2604304,629
2604403,180
2604502,179
2604601,670
2604700,108
2604809,163
2604908,170
2605004,905
2605103,208
2605152,249
2605202,427
2605301,557
2605400,501
2605459,119
2605509,219
2605608,138
2605707,210
2605806,308
2605905,223
2606002,1673
2606101,285
2606200,1281
2606309,61
2606408,713
2606507,120
2606606,118
2606705,58
2606804,817
2606903,106
2607000,125
2607109,42
2607208,856
2607307,387
2607406,5
2607505,258
2607604,359
2607653,686
2607703,142
2607752,356
2607802,138
2607901,8725
2607950,248
2608008,297
2608057,152
2608107,259
2608206,259
2608255,212
2608305,283
2608404,156
2608453,133
2608503,207
2608602,60
2608701,354
2608750,254
2608800,414
2608909,984
2609006,229
2609105,176
2609154,56
2609204,274
2609303,156
2609402,419
2609501,246
2609600,5908
2609709,291
2609808,44
2609907,468
2610004,1358
2610103,22
2610202,400
2610301,54
2610400,257
2610509,558
2610608,697
2610707,4059
2610806,278
2610905,1156
2611002,339
2611101,5094
2611200,77
2611309,685
2611408,81
2611507,346
2611533,109
2611606,33999
2611705,451
2611804,214
2611903,254
2612000,105
2612109,92
2612208,1479
2612307,110
2612406,429
2612455,77
2612471,111
2612505,2972
2612554,35
2612604,120
2612703,259
2612802,114
2612901,154
2613008,686
2613107,513
2613206,154
2613305,314
2613404,377
2613503,731
2613602,499
2613701,994
2613800,447
2613909,4353
2614006,116
2614105,459
2614204,395
2614303,117
2614402,99
2614501,1205
2614600,562
2614709,206
2614808,465
2614857,366
2615003,111
2615102,56
2615201,89
2615300,1405
2615409,557
2615508,49
2615607,492
2615706,313
2615805,363
2615904,63
2616001,314
2616100,73
2616183,60
2616209,168
2616308,257
2616407,1965
2616506,245
2700102,94
2700201,465
2700300,11476
2700409,586
2700508,130
2700607,144
2700706,570
2700805,55
2700904,156
2701001,1246
2701100,271
2701209,260
2701308,299
2701357,94
2701407,1362
2701506,208
2701605,65
2701704,520
2701803,85
2701902,45
2702009,151
2702108,241
2702207,158
2702306,1592
2702355,642
2702405,946
2702504,192
2702553,194
2702603,453
2702702,95
2702801,294
2702900,1277
2703007,418
2703106,207
2703205,524
2703304,73
2703403,81
2703502,61
2703601,150
2703700,59
2703759,373
2703809,468
2703908,36
2704005,551
2704104,511
2704203,496
2704302,28039
2704401,407
2704500,473
2704609,88
2704708,2422
2704807,354
2704906,23
2705002,175
2705101,1029
2705200,592
2705309,18
2705408,127
2705507,418
2705606,108
2705705,1031
2705804,35
2705903,135
2706000,152
2706109,96
2706208,256
2706307,1693
2706406,826
2706422,187
2706448,181
2706505,362
2706604,167
2706703,1398
2706802,359
2706901,1369
2707008,71
2707107,245
2707206,93
2707305,753
2707404,145
2707503,386
2707602,366
2707701,1254
2707800,147
2707909,220
2708006,1618
2708105,216
2708204,252
2708303,690
2708402,837
2708501,777
2708600,2119
2708709,125
2708808,830
2708907,491
2708956,91
2709004,120
2709103,246
2709152,1252
2709202,253
2709301,898
2709400,356
2800100,72
2800209,563
2800308,34582
2800407,312
2800506,720
2800605,1153
2800670,600
2800704,171
2801009,672
2801108,90
2801207,410
2801306,736
2801405,859
2801504,282
2801603,413
2801702,336
2801900,59
2802007,164
2802106,2627
2802205,56
2802304,451
2802403,51
2802502,130
2802601,85
2802700,204
2802809,156
2802908,4583
2803005,995
2803104,41
2803203,919
2803302,320
2803401,88
2803500,2728
2803609,285
2803708,164
2803807,111
2803906,400
2804003,292
2804102,712
2804201,298
2804300,83
2804409,427
2804458,211
2804508,1173
2804607,791
2804706,85
2804805,3405
2804904,281
2805000,69
2805109,172
2805208,92
2805307,97
2805406,182
2805505,366
2805604,678
2805703,1130
2805802,518
2805901,382
2806008,419
2806107,311
2806206,179
2806305,239
2806404,217
2806503,117
2806602,253
2806701,2122
2806800,258
2806909,88
2807006,169
2807105,1160
2807204,338
2807303,221
2807402,1579
2807501,204
2807600,697
2900108,12
2900207,95
2900306,132
2900355,87
2900405,64
2900504,3
2900603,163
2900702,5352
2900801,500
2900900,345
2901007,378
2901106,382
2901155,97
2901205,109
2901304,37
2901353,64
2901403,137
2901502,60
2901601,242
2901700,54
2901809,165
2901908,188
2901957,312
2902005,43
2902054,151
2902104,1085
2902203,119
2902252,201
2902302,115
2902401,398
2902500,87
2902609,33
2902658,256
2902708,227
2902807,17
2902906,409
2903003,18
2903102,103
2903201,4620
2903235,74
2903276,131
2903300,236
2903409,455
2903508,54
2903607,79
2903706,131
2903805,98
2903904,406
2903953,102
2904001,9
2904050,44
2904100,36
2904209,5
2904308,54
2904407,5
2904506,3
2904605,1327
2904704,499
2904753,227
2904803,266
2904852,67
2904902,433
2905008,83
2905107,109
2905156,110
2905206,163
2905305,219
2905404,243
2905503,122
2905602,1415
2905701,6013
2905800,813
2905909,117
2906006,1016
2906105,33
2906204,128
2906303,218
2906402,90
2906501,2284
2906600,30
2906709,593
2906808,165
2906824,124
2906857,168
2906873,1053
2906899,20
2906907,344
2907004,69
2907103,115
2907202,479
2907301,405
2907400,38
2907509,1580
2907558,2
2907608,57
2907707,36
2907806,556
2907905,193
2908002,536
2908101,75
2908200,558
2908309,543
2908408,2070
2908507,580
2908606,325
2908705,52
2908804,35
2908903,267
2909000,31
2909109,109
2909208,201
2909307,332
2909406,66
2909505,10
2909604,188
2909703,108
2909802,636
2909901,325
2910008,545
2910057,1495
2910107,47
2910206,85
2910305,60
2910404,175
2910503,340
2910602,347
2910701,198
2910727,2992
2910750,463
2910776,25
2910800,13110
2910859,406
2910909,84
2911006,361
2911105,214
2911204,1413
2911253,43
2911303,182
2911402,208
2911501,126
2911600,121
2911659,6
2911709,561
2911808,401
2911857,52
2911907,193
2912004,22
2912103,748
2912202,12
2912301,495
2912400,32
2912509,16
2912608,4
2912707,660
2912806,133
2912905,985
2913002,11
2913101,213
2913200,244
2913309,23
2913408,22
2913457,254
2913507,467
2913606,6568
2913705,392
2913804,98
2913903,1911
2914000,387
2914109,2
2914208,44
2914307,15
2914406,211
2914505,398
2914604,1787
2914653,771
2914703,2257
2914802,12495
2914901,369
2915007,71
2915106,332
2915205,394
2915304,93
2915353,31
2915403,210
2915502,928
2915601,2133
2915700,211
2915809,377
2915908,34
2916005,463
2916104,342
2916203,420
2916302,180
2916401,1867
2916500,719
2916609,256
2916708,83
2916807,309
2916856,157
2916906,78
2917003,90
2917102,660
2917201,14
2917300,660
2917334,25
2917359,76
2917409,12
2917508,745
2917607,2396
2917706,489
2917805,289
2917904,266
2918001,5618
2918100,336
2918209,82
2918308,271
2918357,263
2918407,5018
2918456,195
2918506,113
2918555,194
2918605,8
2918704,61
2918753,3
2918803,239
2918902,96
2919009,24
2919058,50
2919108,72
2919157,328
2919207,6411
2919306,125
2919405,83
2919504,142
2919553,2875
2919603,246
2919702,460
2919801,44
2919900,133
2919926,1243
2919959,45
2920007,62
2920106,152
2920205,42
2920304,114
2920403,252
2920452,72
2920502,554
2920601,706
2920700,365
2920809,46
2920908,160
2921005,610
2921054,6
2921104,1123
2921203,88
2921302,105
2921401,101
2921450,93
2921500,263
2921609,38
2921708,159
2921807,18
2921906,70
2922003,775
2922052,68
2922102,56
2922201,191
2922250,113
2922300,238
2922409,218
2922508,596
2922607,287
2922656,148
2922706,192
2922730,148
2922755,249
2922805,78
2922854,48
2922904,304
2923001,620
2923035,2
2923050,133
2923100,227
2923209,60
2923308,76
2923357,425
2923407,51
2923506,25
2923605,33
2923704,101
2923803,231
2923902,321
2924009,1260
2924058,113
2924108,60
2924207,52
2924306,28
2924405,97
2924504,40
2924603,977
2924652,170
2924678,426
2924702,76
2924801,56
2924900,19
2925006,316
2925105,858
2925204,807
2925253,136
2925303,3025
2925402,284
2925501,422
2925600,121
2925709,200
2925758,753
2925808,458
2925907,55
2925931,128
2925956,227
2926004,217
2926103,425
2926202,244
2926301,508
2926400,82
2926509,197
2926608,817
2926657,46
2926707,49
2926806,24
2926905,27
2927002,465
2927101,20
2927200,279
2927309,754
2927408,84525
2927507,307
2927606,224
2927705,732
2927804,162
2927903,53
2928000,551
2928059,313
2928109,212
2928208,77
2928307,159
2928406,290
2928505,104
2928604,975
2928703,2096
2928802,619
2928901,648
2928950,174
2929008,285
2929057,175
2929107,293
2929206,988
2929255,88
2929305,528
2929354,287
2929370,96
2929404,74
2929503,1060
2929602,280
2929701,71
2929750,65
2929800,47
2929909,355
2930006,14
2930105,732
2930154,22
2930204,357
2930303,10
2930402,234
2930501,1223
2930600,170
2930709,1986
2930758,11
2930766,129
2930774,413
2930808,158
2930907,5
2931004,34
2931053,8
2931103,329
2931202,528
2931301,116
2931350,4697
2931400,53
2931509,273
2931608,276
2931707,184
2931806,105
2931905,851
2932002,467
2932101,52
2932200,360
2932309,1089
2932408,45
2932457,220
2932507,301
2932606,206
2932705,598
2932804,98
2932903,1728
2933000,549
2933059,303
2933109,41
2933158,107
2933174,78
2933208,367
2933257,178
2933307,7419
2933406,22
2933455,69
2933505,756
2933604,158
3100104,86
3100203,49
3100302,72
3100401,28
3100500,73
3100609,48
3100708,19
3100807,53
3100906,305
3101003,49
3101102,309
3101201,9
3101300,22
3101409,23
3101508,449
3101607,941
3101631,17
3101706,762
3101805,186
3101904,88
3102001,13
3102050,21
3102100,70
3102209,131
3102308,66
3102407,56
3102506,11
3102605,318
3102704,203
3102803,70
3102852,16
3102902,63
3103009,93
3103108,11
3103207,4
3103306,0
3103405,83
3103504,3092
3103603,17
3103702,1
3103751,497
3103801,31
3103900,55
3104007,1420
3104106,51
3104205,346
3104304,6
3104403,21
3104452,1
3104502,83
3104601,143
3104700,133
3104809,37
3104908,77
3105004,36
3105103,58
3105202,198
3105301,29
3105400,479
3105509,54
3105608,841
3105707,70
3105905,154
3106002,50
3106101,15
3106200,39467
3106309,568
3106408,78
3106507,5
3106606,28
3106655,7
3106705,5695
3106804,14
3106903,67
3107000,28
3107109,182
3107208,14
3107307,291
3107406,536
3107505,10
3107604,80
3107703,25
3107802,114
3107901,74
3108008,35
3108107,66
3108206,102
3108255,5
3108305,286
3108404,52
3108552,253
3108602,123
3108701,8
3108800,16
3108909,260
3109006,1021
3109105,65
3109204,89
3109253,41
3109303,346
3109402,240
3109451,43
3109501,36
3109600,37
3109709,142
3109808,13
3109907,81
3110004,393
3110103,16
3110202,51
3110301,103
3110509,501
3110608,356
3110707,26
3110806,15
3110905,152
3111002,125
3111101,126
3111150,14
3111200,983
3111309,67
3111408,169
3111507,138
3111606,124
3111705,1
3111804,350
3111903,93
3112000,89
3112059,6
3112109,33
3112208,2
3112307,60
3112406,40
3112505,60
3112604,476
3112653,24
3112703,131
3112802,55
3112901,46
3113008,138
3113107,7
3113206,131
3113305,599
3113404,1582
3113503,6
3113602,130
3113701,294
3113800,10
3113909,29
3114006,24
3114105,43
3114204,111
3114303,260
3114402,49
3114501,263
3114550,85
3114600,27
3114709,13
3114808,13
3114907,2
3115003,21
3115102,157
3115201,53
3115300,666
3115359,57
3115409,18
3115458,80
3115474,9
3115508,123
3115706,106
3115805,175
3115904,22
3116001,104
3116100,4
3116159,27
3116209,93
3116308,21
3116407,23
3116506,44
3116605,350
3116704,47
3116803,4
3116902,139
3117009,38
3117108,24
3117207,18
3117306,935
3117405,30
3117504,667
3117603,39
3117702,22
3117801,113
3117836,4
3117876,49
3117900,131
3118007,956
3118106,23
3118205,177
3118304,738
3118403,270
3118502,2
3118601,8669
3118700,28
3118809,77
3118908,54
3119005,42
3119104,179
3119203,20
3119302,174
3119401,3251
3119500,1
3119609,35
3119708,13
3119807,7
3119906,56
3119955,42
3120003,17
3120102,5
3120151,47
3120201,84
3120300,13
3120409,27
3120508,29
3120607,86
3120706,3
3120805,44
3120839,46
3120870,30
3120904,714
3121001,36
3121100,52
3121209,23
3121258,401
3121308,43
3121407,43
3121506,9
3121605,128
3121704,19
3121803,38
3121902,26
3122009,90
3122108,78
3122207,10
3122306,1321
3122355,23
3122405,30
3122454,40
3122470,71
3122504,40
3122603,131
3122702,20
3122801,1
3122900,23
3123007,75
3123106,43
3123205,199
3123304,6
3123403,49
3123502,13
3123528,14
3123601,90
3123700,66
3123809,14
3123858,64
3123908,51
3124005,118
3124104,399
3124203,218
3124302,245
3124401,63
3124500,110
3124609,15
3124708,3
3124807,49
3124906,220
3125002,11
3125101,2165
3125200,12
3125309,44
3125408,5
3125507,3
3125606,42
3125705,65
3125804,17
3125903,112
3125952,86
3126000,80
3126109,708
3126208,74
3126307,4
3126406,19
3126505,3
3126604,10
3126703,135
3126752,2
3126802,61
3126901,201
3126950,20
3127008,136
3127057,17
3127073,23
3127107,1317
3127206,25
3127305,37
3127339,40
3127354,13
3127370,18
3127388,18
3127404,10
3127503,17
3127602,107
3127701,6979
3127800,62
3127909,4
3128006,252
3128105,65
3128204,26
3128253,10
3128303,289
3128402,23
3128501,8
3128600,75
3128709,819
3128808,30
3128907,122
3129004,134
3129103,34
3129202,62
3129301,97
3129400,1
3129509,168
3129608,3
3129657,21
3129707,84
3129806,1698
3129905,70
3130002,2
3130051,22
3130101,441
3130200,24
3130309,29
3130408,16
3130507,19
3130556,45
3130606,82
3130655,40
3130705,98
3130804,15
3130903,253
3131000,54
3131109,48
3131158,311
3131208,201
3131307,8457
3131406,40
3131505,125
3131604,85
3131703,2292
3131802,86
3131901,2246
3132008,5
3132107,81
3132206,274
3132305,22
3132404,1294
3132503,45
3132602,20
3132701,131
3132800,3
3132909,41
3133006,249
3133105,204
3133204,92
3133303,286
3133402,121
3133501,125
3133600,386
3133709,280
3133758,225
3133808,673
3133907,10
3134004,43
3134103,366
3134202,3158
3134301,14
3134400,976
3134509,5
3134608,358
3134707,225
3134806,21
3134905,324
3135001,80
3135050,263
3135076,23
3135100,873
3135209,134
3135308,32
3135357,11
3135407,26
3135456,3
3135506,10
3135605,51
3135704,35
3135803,91
3135902,31
3136009,196
3136108,50
3136207,1219
3136306,513
3136405,26
3136504,178
3136520,2
3136553,14
3136579,44
3136603,28
3136652,347
3136702,5659
3136801,26
3136900,199
3136959,12
3137007,34
3137106,78
3137205,691
3137304,20
3137403,47
3137502,261
3137536,30
3137601,573
3137700,441
3137809,172
3137908,6
3138005,27
3138104,24
3138203,292
3138302,27
3138351,1
3138401,750
3138500,4
3138609,156
3138625,125
3138658,18
3138674,52
3138682,13
3138708,36
3138807,149
3138906,36
3139003,130
3139102,50
3139201,229
3139250,7
3139300,92
3139409,1468
3139508,547
3139607,599
3139706,28
3139805,80
3139904,116
3140001,1981
3140100,12
3140159,130
3140209,24
3140308,34
3140407,3
3140506,80
3140530,44
3140555,107
3140605,3
3140704,277
3140803,171
3140852,27
3140902,168
3141009,61
3141108,309
3141207,41
3141306,22
3141405,228
3141504,31
3141603,26
3141702,54
3141801,21
3141900,2
3142007,70
3142106,86
3142205,177
3142254,4
3142304,102
3142403,155
3142502,1
3142601,25
3142700,95
3142809,430
3142908,228
3143005,9
3143104,245
3143153,13
3143203,113
3143302,7794
3143401,267
3143450,3
3143500,37
3143609,9
3143708,6
3143807,63
3143906,2881
3144003,348
3144102,49
3144201,17
3144300,1140
3144359,84
3144375,14
3144409,49
3144508,16
3144607,101
3144656,23
3144672,21
3144706,131
3144805,2942
3144904,85
3145000,233
3145059,62
3145109,104
3145208,813
3145307,99
3145356,110
3145372,2
3145406,4
3145455,6
3145505,13
3145604,252
3145703,2
3145802,15
3145851,15
3145877,16
3145901,356
3146008,221
3146107,758
3146206,17
3146255,48
3146305,318
3146404,6
3146503,46
3146552,16
3146602,2
3146701,38
3146750,7
3146909,181
3147006,1790
3147105,512
3147204,57
3147303,160
3147402,257
3147501,7
3147600,191
3147709,35
3147808,9
3147907,979
3147956,13
3148004,2201
3148103,1601
3148202,31
3148301,25
3148400,1
3148509,35
3148608,37
3148707,115
3148756,42
3148806,4
3148905,63
3149002,13
3149101,21
3149150,25
3149200,63
3149309,611
3149507,1
3149606,15
3149705,112
3149804,333
3149903,213
3149952,86
3150000,28
3150109,9
3150158,58
3150208,33
3150307,29
3150406,72
3150505,20
3150539,47
3150570,10
3150604,37
3150703,138
3150802,67
3150901,42
3151008,110
3151107,349
3151206,927
3151305,50
3151404,260
3151503,361
3151602,188
3151701,94
3151800,1124
3151909,73
3152006,294
3152105,392
3152131,11
3152170,80
3152204,436
3152303,125
3152402,133
3152501,2606
3152600,64
3152709,22
3152808,449
3152907,105
3153004,17
3153103,4
3153202,40
3153301,13
3153400,152
3153509,70
3153608,70
3153707,7
3153905,372
3154002,71
3154101,46
3154150,108
3154200,35
3154309,412
3154408,5
3154457,31
3154507,28
3154606,3450
3154705,17
3154804,255
3154903,142
3155009,9
3155108,19
3155207,19
3155306,78
3155405,32
3155504,480
3155603,110
3155702,218
3155801,63
3155900,6
3156007,5
3156106,8
3156205,3
3156304,113
3156403,10
3156452,29
3156502,6
3156601,18
3156700,1225
3156809,21
3156908,660
3157005,568
3157104,28
3157203,399
3157252,70
3157278,3
3157302,5
3157336,64
3157377,19
3157401,17
3157500,20
3157609,13
3157658,49
3157708,500
3157807,1856
3157906,173
3158003,48
3158102,9
3158201,32
3158300,40
3158409,28
3158508,45
3158607,62
3158706,2
3158805,15
3158904,76
3158953,2035
3159001,18
3159100,8
3159209,151
3159308,15
3159357,153
3159407,1
3159506,100
3159605,273
3159704,12
3159803,341
3159902,94
3160009,17
3160108,11
3160207,17
3160306,327
3160405,327
3160454,54
3160504,16
3160603,18
3160702,226
3160801,4
3160900,15
3160959,29
3161007,47
3161056,46
3161106,309
3161205,35
3161304,130
3161403,23
3161502,51
3161601,37
3161650,17
3161700,23
3161809,40
3161908,181
3162005,91
3162104,1027
3162203,79
3162252,25
3162302,28
3162401,59
3162450,29
3162500,658
3162559,77
3162575,140
3162609,87
3162658,5
3162708,123
3162807,20
3162906,109
3162922,384
3162948,56
3162955,336
3163003,70
3163102,11
3163201,11
3163300,43
3163409,29
3163508,1
3163607,96
3163706,301
3163805,45
3163904,11
3164001,8
3164100,44
3164209,33
3164308,23
3164407,70
3164431,23
3164472,20
3164506,8
3164605,106
3164704,545
3164803,20
3164902,2
3165008,20
3165107,31
3165305,16
3165404,36
3165503,36
3165537,379
3165552,25
3165560,9
3165578,50
3165602,14
3165701,20
3165800,28
3165909,2
3166006,5
3166105,15
3166204,23
3166303,10
3166402,2
3166501,1
3166600,5
3166709,204
3166808,174
3166907,28
3166956,15
3167004,3
3167103,133
3167202,2432
3167301,5
3167400,28
3167509,9
3167608,106
3167707,47
3167806,4
3167905,11
3168002,263
3168051,31
3168101,47
3168200,22
3168309,44
3168408,67
3168507,29
3168606,2358
3168705,1947
3168804,22
3168903,24
3169000,166
3169059,4
3169109,110
3169208,195
3169307,655
3169356,194
3169406,429
3169505,31
3169604,527
3169703,60
3169802,10
3169901,1527
3170008,28
3170057,232
3170107,4850
3170206,25970
3170305,7
3170404,2303
3170438,84
3170479,5
3170503,161
3170529,29
3170578,95
3170602,5
3170651,21
3170701,943
3170750,27
3170800,339
3170909,47
3171006,607
3171030,15
3171105,35
3171154,17
3171204,1257
3171303,355
3171402,5
3171501,53
3171600,25
3171709,38
3171808,22
3171907,24
3172004,739
3172103,24
3172202,33
3200102,881
3200136,381
3200169,174
3200201,349
3200300,461
3200359,176
3200409,874
3200508,164
3200607,3771
3200706,346
3200805,730
3200904,789
3201001,359
3201100,308
3201159,456
3201209,5627
3201308,11569
3201407,1392
3201506,6033
3201605,343
3201704,298
3201803,132
3201902,710
3202009,87
3202108,887
3202207,638
3202256,307
3202306,346
3202405,3281
3202454,686
3202504,544
3202553,111
3202603,474
3202652,259
3202702,166
3202801,1368
3202900,162
3203007,599
3203056,825
3203106,250
3203130,433
3203163,119
3203205,6741
3203304,222
3203320,1661
3203346,759
3203353,417
3203403,780
3203502,298
3203601,95
3203700,279
3203809,356
3203908,1180
3204005,564
3204054,517
3204104,653
3204203,659
3204252,94
3204302,760
3204351,426
3204401,394
3204500,219
3204559,772
3204609,544
3204658,327
3204708,1708
3204807,314
3204906,3055
3204955,199
3205002,15209
3205010,843
3205036,488
3205069,932
3205101,1790
3205150,133
3205176,480
3205200,17399
3205309,14910
3300100,5383
3300159,191
3300209,1284
3300225,208
3300233,453
3300258,184
3300308,1086
3300407,2658
3300456,9124
3300506,180
3300605,774
3300704,2458
3300803,593
3300902,193
3300936,292
3300951,157
3301009,5511
3301108,201
3301157,359
3301207,176
3301306,855
3301405,653
3301504,260
3301603,71
3301702,9225
3301801,151
3301850,1694
3301876,637
3301900,4509
3302007,2289
3302056,357
3302106,357
3302205,2781
3302254,372
3302270,414
3302304,243
3302403,8080
3302452,72
3302502,3689
3302601,746
3302700,3489
3302809,196
3302858,1445
3302908,262
3303005,447
3303104,568
3303203,1303
3303302,12737
3303401,2933
3303500,6238
3303609,692
3303708,942
3303807,865
3303856,175
3303906,2406
3303955,498
3304003,688
3304102,622
3304110,401
3304128,150
3304144,2430
3304151,466
3304201,2065
3304300,1830
3304409,302
3304508,22
3304524,1906
3304557,98545
3304607,106
3304706,1119
3304755,574
3304805,249
3304904,11894
3305000,980
3305109,3323
3305133,139
3305158,470
3305208,1258
3305307,31
3305406,410
3305505,1085
3305554,747
3305604,150
3305703,159
3305752,825
3305802,5458
3305901,57
3306008,2744
3306107,602
3306156,625
3306206,746
3306305,6462
3500105,360
3500204,112
3500303,281
3500402,61
3500501,161
3500550,24
3500600,48
3500709,611
3500758,70
3500808,51
3500907,39
3501004,213
3501103,64
3501152,231
3501202,58
3501301,216
3501400,16
3501509,25
3501608,4975
3501707,563
3501806,294
3501905,981
3502002,36
3502101,980
3502200,285
3502309,20
3502408,58
3502507,367
3502606,99
3502705,144
3502754,347
3502804,6071
3502903,600
3503000,102
3503109,38
3503158,5
3503208,4266
3503307,3418
3503356,10
3503406,107
3503505,55
3503604,100
3503703,136
3503802,895
3503901,1812
3503950,40
3504008,1211
3504107,1760
3504206,323
3504305,84
3504404,185
3504503,635
3504602,768
3504701,94
3504800,463
3504909,138
3505005,20
3505104,107
3505203,694
3505302,776
3505351,47
3505401,101
3505500,4120
3505609,685
3505708,6328
3505807,64
3505906,614
3506003,9804
3506102,1047
3506201,39
3506300,97
3506359,1782
3506409,85
3506508,2009
3506607,394
3506706,169
3506805,122
3506904,142
3507001,918
3507100,309
3507159,6
3507209,3
3507308,86
3507407,208
3507456,44
3507506,2281
3507605,2988
3507704,83
3507753,55
3507803,491
3507902,129
3508009,267
3508108,283
3508207,56
3508306,95
3508405,1151
3508504,1414
3508603,332
3508702,92
3508801,268
3508900,35
3509007,2091
3509106,55
3509205,1528
3509254,1512
3509304,192
3509403,464
3509452,75
3509502,30805
3509601,1185
3509700,713
3509809,72
3509908,180
3509957,48
3510005,287
3510104,35
3510153,42
3510203,654
3510302,252
3510401,1136
3510500,2188
3510609,7407
3510708,138
3510807,416
3510906,60
3511003,369
3511102,4039
3511201,243
3511300,196
3511409,156
3511508,586
3511607,169
3511706,324
3511904,111
3512001,261
3512100,94
3512209,372
3512308,267
3512407,1506
3512506,112
3512605,14
3512704,102
3512803,1522
3512902,277
3513009,3947
3513108,352
3513207,41
3513306,17
3513405,746
3513504,6125
3513603,156
3513702,439
3513801,8112
3513850,17
3513900,121
3514007,91
3514106,274
3514205,70
3514304,87
3514403,833
3514502,244
3514601,420
3514700,18
3514809,299
3514908,573
3514924,117
3514957,48
3515004,3437
3515103,1184
3515129,48
3515152,767
3515186,781
3515194,52
3515202,440
3515301,39
3515350,45
3515400,91
3515509,2299
3515608,133
3515657,10
3515707,3301
3515806,18
3515905,36
3516002,51
3516101,14
3516200,4248
3516309,2726
3516408,2222
3516507,25
3516606,51
3516705,654
3516804,78
3516853,200
3516903,191
3517000,217
3517109,48
3517208,502
3517307,53
3517406,1201
3517505,861
3517604,127
3517703,449
3517802,57
3517901,216
3518008,44
3518107,105
3518206,465
3518305,461
3518404,1359
3518503,1532
3518602,1066
3518701,8163
3518800,19523
3518859,116
3518909,36
3519006,61
3519055,346
3519071,6185
3519105,250
3519204,25
3519253,50
3519303,317
3519402,312
3519501,119
3519600,1416
3519709,408
3519808,119
3519907,51
3520004,377
3520103,470
3520202,628
3520301,516
3520400,1545
3520426,128
3520442,257
3520509,3098
3520608,123
3520707,35
3520806,19
3520905,257
3521002,229
3521101,118
3521150,195
3521200,64
3521309,534
3521408,1069
3521507,120
3521606,54
3521705,161
3521804,90
3521903,415
3522000,153
3522109,1206
3522158,29
3522208,2423
3522307,1576
3522406,658
3522505,3153
3522604,1640
3522653,67
3522703,425
3522802,213
3522901,303
3523008,57
3523107,4001
3523206,431
3523305,217
3523404,1560
3523503,300
3523602,209
3523701,25
3523800,354
3523909,2839
3524006,1692
3524105,341
3524204,121
3524303,610
3524402,3232
3524501,319
3524600,418
3524709,1003
3524808,1537
3524907,79
3525003,1512
3525102,595
3525201,397
3525300,2300
3525409,51
3525508,112
3525607,62
3525706,1111
3525805,34
3525854,80
3525904,12349
3526001,142
3526100,370
3526209,661
3526308,60
3526407,827
3526506,130
3526605,55
3526704,2449
3526803,2568
3526902,7663
3527009,90
3527108,2318
3527207,895
3527256,53
3527306,825
3527405,92
3527504,15
3527603,239
3527702,80
3527801,23
3527900,8
3528007,742
3528106,79
3528205,88
3528304,44
3528403,464
3528502,1361
3528601,55
3528700,45
3528809,157
3528858,66
3528908,25
3529005,2631
3529104,50
3529203,239
3529302,666
3529401,6569
3529500,164
3529609,120
3529658,30
3529708,425
3529807,225
3529906,290
3530003,39
3530102,368
3530201,109
3530300,1597
3530409,152
3530508,909
3530607,7468
3530706,2377
3530805,1461
3530904,46
3531001,49
3531100,590
3531209,59
3531308,831
3531407,640
3531506,177
3531605,82
3531704,67
3531803,1408
3531902,1100
3532009,107
3532058,51
3532108,34
3532157,14
3532207,77
3532306,29
3532405,265
3532504,226
3532603,173
3532702,108
3532801,200
3532827,39
3532843,53
3532868,21
3532900,227
3533007,690
3533106,20
3533205,82
3533254,99
3533304,90
3533403,991
3533502,849
3533601,44
3533700,23
3533809,6
3533908,2215
3534005,170
3534104,79
3534203,241
3534302,834
3534401,13269
3534500,19
3534609,236
3534708,1852
3534757,236
3534807,53
3534906,122
3535002,137
3535101,345
3535200,160
3535309,330
3535408,96
3535507,336
3535606,160
3535705,155
3535804,163
3535903,76
3536000,66
3536109,156
3536208,605
3536257,91
3536307,144
3536406,43
3536505,5011
3536570,8
3536604,165
3536703,631
3536802,92
3536901,34
3537008,78
3537107,542
3537156,22
3537206,52
3537305,762
3537404,253
3537503,166
3537602,927
3537701,79
3537800,716
3537909,244
3538006,2116
3538105,432
3538204,139
3538303,39
3538501,154
3538600,393
3538709,12596
3538808,243
3538907,346
3539004,353
3539103,572
3539202,756
3539301,1470
3539400,273
3539509,813
3539608,182
3539707,43
3539806,1758
3539905,73
3540002,134
3540101,83
3540200,1429
3540259,62
3540309,116
3540408,56
3540507,34
3540606,1106
3540705,1175
3540754,260
3540804,524
3540853,4
3540903,700
3541000,7637
3541059,48
3541109,66
3541208,214
3541307,545
3541406,4210
3541505,419
3541604,1562
3541653,11
3541703,152
3541802,25
3541901,278
3542008,56
3542107,163
3542206,800
3542305,18
3542404,120
3542503,34
3542602,1477
3542701,50
3542800,33
3542909,184
3543006,232
3543105,52
3543204,30
3543238,22
3543253,87
3543303,1367
3543402,21171
3543501,19
3543600,49
3543709,103
3543808,66
3543907,3943
3544004,698
3544103,668
3544202,317
3544251,138
3544301,201
3544400,35
3544509,65
3544608,37
3544707,6
3544806,63
3544905,414
3545001,200
3545100,8
3545159,112
3545209,2707
3545308,936
3545407,61
3545506,48
3545605,328
3545704,154
3545803,5304
3546009,192
3546108,49
3546207,130
3546256,16
3546306,1420
3546405,731
3546504,140
3546603,907
3546702,909
3546801,1205
3546900,52
3547007,115
3547106,7
3547205,12
3547304,3116
3547403,29
3547502,286
3547601,221
3547650,51
3547700,219
3547809,16855
3547908,66
3548005,569
3548054,158
3548104,69
3548203,70
3548302,15
3548401,64
3548500,20963
3548609,51
3548708,24348
3548807,4446
3548906,2717
3549003,64
3549102,661
3549201,71
3549250,42
3549300,3
3549409,1023
3549508,47
3549607,20
3549706,529
3549805,21129
3549904,16902
3549953,205
3550001,17
3550100,319
3550209,270
3550308,286862
3550407,531
3550506,150
3550605,749
3550704,1508
3550803,185
3550902,182
3551009,6646
3551108,17
3551207,58
3551306,56
3551405,179
3551504,993
3551603,214
3551702,4157
3551801,367
3551900,668
3552007,39
3552106,460
3552205,15250
3552304,158
3552403,6022
3552502,4711
3552551,47
3552601,392
3552700,321
3552809,6707
3552908,74
3553005,167
3553104,174
3553203,274
3553302,383
3553401,1176
3553500,156
3553609,173
3553658,86
3553708,711
3553807,136
3553856,42
3553906,143
3553955,167
3554003,2253
3554102,3869
3554201,17
3554300,249
3554409,274
3554508,600
3554607,15
3554656,18
3554706,155
3554755,22
3554805,301
3554904,223
3554953,63
3555000,725
3555109,169
3555208,25
3555307,24
3555356,240
3555406,1269
3555505,66
3555604,304
3555703,62
3555802,303
3555901,57
3556008,210
3556107,659
3556206,2726
3556305,550
3556354,72
3556404,563
3556453,586
3556503,1658
3556602,84
3556701,1781
3556800,355
3556909,184
3556958,23
3557006,2261
3557105,4187
3557154,84
3557204,94
3557303,158
4100103,69
4100202,173
4100301,77
4100400,1581
4100459,13
4100509,182
4100608,89
4100707,114
4100806,56
4100905,26
4101002,98
4101051,28
4101101,238
4101150,51
4101200,348
4101309,73
4101408,776
4101507,2603
4101606,218
4101655,41
4101705,181
4101804,3711
4101853,20
4101903,263
4102000,464
4102109,394
4102208,85
4102307,212
4102406,755
4102505,153
4102604,81
4102703,15
4102752,18
4102802,160
4102901,41
4103008,35
4103024,37
4103040,3
4103057,128
4103107,205
4103156,14
4103206,101
4103222,12
4103305,57
4103354,54
4103370,34
4103404,51
4103453,228
4103479,28
4103503,80
4103602,260
4103701,1715
4103800,75
4103909,39
4103958,5
4104006,916
4104055,51
4104105,71
4104204,2853
4104253,500
4104303,969
4104402,46
4104428,75
4104451,65
4104501,513
4104600,179
4104659,305
4104709,85
4104808,7264
4104907,912
4105003,73
4105102,146
4105201,155
4105300,184
4105409,104
4105508,906
4105607,259
4105706,261
4105805,3315
4105904,307
4106001,24
4106100,56
4106209,172
4106308,305
4106407,472
4106456,221
4106506,135
4106555,61
4106571,98
4106605,124
4106704,30
4106803,39
4106852,44
4106902,35409
4107009,166
4107108,41
4107124,35
4107157,136
4107207,1242
4107256,36
4107306,29
4107405,134
4107504,182
4107520,10
4107538,10
4107546,22
4107553,6
4107603,194
4107652,2155
4107702,59
4107736,31
4107751,39
4107801,38
4107850,4
4107900,122
4108007,320
4108106,44
4108205,38
4108304,5605
4108320,139
4108403,1230
4108452,113
4108502,58
4108551,3
4108601,115
4108650,18
4108700,63
4108809,232
4108908,62
4108957,25
4109005,57
4109104,26
4109203,93
4109302,138
4109401,620
4109500,43
4109609,639
4109658,21
4109708,298
4109757,70
4109807,1047
4109906,35
4110003,32
4110052,8
4110078,322
4110102,281
4110201,26
4110300,60
4110409,119
4110508,60
4110607,40
4110656,48
4110706,315
4110805,104
4110904,40
4110953,205
4111001,50
4111100,247
4111209,73
4111258,967
4111308,15
4111407,22
4111506,600
4111555,11
4111605,19
4111704,33
4111803,335
4111902,412
4112009,231
4112108,430
4112207,50
4112306,48
4112405,108
4112504,90
4112603,6
4112702,436
4112751,158
4112801,126
4112900,40
4112959,51
4113007,93
4113106,39
4113205,887
4113254,0
4113304,265
4113403,36
4113429,27
4113452,23
4113502,109
4113601,33
4113700,9437
4113734,28
4113759,26
4113809,55
4113908,67
4114005,81
4114104,394
4114203,258
4114302,393
4114351,16
4114401,98
4114500,100
4114609,529
4114708,42
4114807,328
4114906,58
4115002,43
4115101,74
4115200,6937
4115309,58
4115358,30
4115408,175
4115457,15
4115507,55
4115606,641
4115705,331
4115739,7
4115754,293
4115804,964
4115853,28
4115903,22
4116000,21
4116059,181
4116109,128
4116208,430
4116307,73
4116406,70
4116505,1
4116604,42
4116703,145
4116802,16
4116901,336
4116950,81
4117008,52
4117057,49
4117107,146
4117206,49
4117214,57
4117222,66
4117255,111
4117271,35
4117297,24
4117305,414
4117404,23
4117453,77
4117503,649
4117602,149
4117701,129
4117800,23
4117909,843
4118006,55
4118105,48
4118204,3823
4118303,24
4118402,478
4118451,18
4118501,821
4118600,18
4118709,15
4118808,110
4118857,33
4118907,151
4119004,39
4119103,61
4119152,2874
4119202,17
4119251,4
4119301,135
4119400,156
4119509,1946
4119608,201
4119657,20
4119707,22
4119806,269
4119905,3413
4119954,483
4120002,215
4120101,47
4120150,23
4120200,10
4120309,25
4120333,85
4120358,30
4120408,94
4120507,63
4120606,92
4120655,24
4120705,62
4120804,526
4120853,48
4120903,187
4121000,34
4121109,97
4121208,299
4121257,129
4121307,39
4121356,6
4121406,124
4121505,29
4121604,91
4121703,194
4121752,47
4121802,20
4121901,224
4122008,43
4122107,15
4122156,102
4122172,36
4122206,835
4122305,366
4122404,1277
4122503,72
4122602,109
4122651,18
4122701,123
4122800,22
4122909,55
4123006,165
4123105,8
4123204,43
4123303,32
4123402,123
4123501,397
4123600,32
4123709,64
4123808,42
4123824,29
4123857,13
4123907,188
4123956,9
4124004,29
4124020,131
4124053,384
4124103,325
4124202,24
4124301,15
4124400,101
4124509,169
4124608,19
4124707,39
4124806,124
4124905,50
4125001,160
4125100,13
4125209,175
4125308,44
4125357,43
4125407,86
4125456,38
4125506,3515
4125555,29
4125605,246
4125704,499
4125753,79
4125803,149
4125902,9
4126009,120
4126108,80
4126207,40
4126256,1050
4126272,65
4126306,142
4126355,124
4126405,35
4126504,240
4126603,106
4126652,62
4126678,197
4126702,46
4126801,199
4126900,26
4127007,30
4127106,2047
4127205,175
4127304,47
4127403,90
4127502,227
4127601,257
4127700,3122
4127809,50
4127858,112
4127882,88
4127908,111
4127957,101
4127965,14
4128005,109
4128104,942
4128203,300
4128302,17
4128401,100
4128500,142
4128534,53
4128559,193
4128609,43
4128625,5
4128633,52
4128658,36
4128708,73
4128807,35
4200051,122
4200101,331
4200200,177
4200309,84
4200408,129
4200507,50
4200556,84
4200606,153
4200705,189
4200754,24
4200804,31
4200903,93
4201000,242
4201109,55
4201208,284
4201257,85
4201273,74
4201307,822
4201406,2049
4201505,255
4201604,63
4201653,49
4201703,144
4201802,39
4201901,73
4201950,402
4202008,7091
4202057,482
4202073,166
4202081,10
4202099,3
4202107,746
4202131,6
4202156,5
4202206,148
4202305,2018
4202404,11536
4202438,28
4202453,1167
4202503,102
4202537,91
4202578,23
4202602,92
4202701,157
4202800,2237
4202859,51
4202875,28
4202909,5527
4203006,743
4203105,41
4203154,9
4203204,2674
4203253,10
4203303,168
4203402,81
4203501,89
4203600,1350
4203709,521
4203808,536
4203907,1827
4203956,925
4204004,188
4204103,98
4204152,82
4204178,45
4204194,34
4204202,6488
4204251,440
4204301,2950
4204350,70
4204400,239
4204459,9
4204509,327
4204558,320
4204608,6872
4204707,103
4204756,7
4204806,639
4204905,101
4205001,87
4205100,110
4205159,68
4205175,325
4205191,76
4205209,146
4205308,381
4205357,15
4205407,12699
4205431,82
4205456,895
4205506,480
4205555,46
4205605,18
4205704,385
4205803,494
4205902,2769
4206009,676
4206108,197
4206207,457
4206306,733
4206405,120
4206504,1512
4206603,11
4206652,138
4206702,766
4206751,26
4206801,78
4206900,477
4207007,1383
4207106,566
4207205,177
4207304,1309
4207403,56
4207502,1594
4207577,28
4207601,91
4207650,82
4207684,466
4207700,164
4207759,76
4207809,146
4207858,77
4207908,36
4208005,125
4208104,115
4208203,7689
4208302,3164
4208401,450
4208450,415
4208500,533
4208609,78
4208708,201
4208807,979
4208906,3126
4208955,52
4209003,1061
4209102,21043
4209151,311
4209177,58
4209201,41
4209300,3319
4209409,888
4209458,36
4209508,102
4209607,557
4209706,34
4209805,49
4209854,261
4209904,166
4210001,229
4210035,167
4210050,3
4210100,417
4210209,130
4210308,36
4210407,169
4210506,537
4210555,60
4210605,585
4210704,27
4210803,217
4210852,42
4210902,95
4211009,58
4211058,252
4211108,35
4211207,613
4211256,92
4211306,2736
4211405,164
4211454,57
4211504,619
4211603,584
4211652,39
4211702,874
4211751,565
4211801,448
4211850,61
4211876,24
4211892,6
4211900,5850
4212007,45
4212056,58
4212106,245
4212205,106
4212239,13
4212254,186
4212270,60
4212304,290
4212403,93
4212502,1034
4212601,70
4212650,427
4212700,26
4212809,796
4212908,353
4213005,22
4213104,206
4213153,68
4213203,767
4213302,129
4213351,73
4213401,126
4213500,783
4213609,187
4213708,180
4213807,130
4213906,60
4214003,463
4214102,42
4214151,15
4214201,286
4214300,56
4214409,24
4214508,53
4214607,89
4214706,118
4214805,1068
4214904,149
4215000,507
4215059,30
4215075,63
4215109,249
4215208,55
4215307,136
4215356,21
4215406,40
4215455,453
4215505,241
4215554,27
4215604,82
4215653,284
4215679,36
4215687,61
4215695,60
4215703,642
4215752,44
4215802,671
4215901,70
4216008,75
4216057,84
4216107,262
4216206,1308
4216255,132
4216305,1217
4216354,164
4216404,148
4216503,295
4216602,6954
4216701,41
4216800,106
4216909,206
4217006,656
4217105,202
4217154,107
4217204,656
4217253,286
4217303,128
4217402,436
4217501,561
4217550,57
4217600,341
4217709,653
4217758,68
4217808,372
4217907,114
4217956,86
4218004,1811
4218103,148
4218202,1068
4218251,36
4218301,352
4218350,121
4218400,250
4218509,107
4218608,126
4218707,4975
4218756,354
4218806,382
4218855,39
4218905,132
4218954,2
4219002,705
4219101,42
4219150,76
4219176,85
4219200,36
4219309,1651
4219358,66
4219408,37
4219507,2047
4219606,97
4219705,1134
4219853,334
4220000,377
4300034,1
4300059,104
4300109,27
4300208,110
4300307,16
4300406,580
4300455,52
4300471,10
4300505,45
4300554,13
4300570,34
4300604,3419
4300638,33
4300646,77
4300661,21
4300703,76
4300802,456
4300851,15
4300877,82
4300901,40
4301008,417
4301057,83
4301073,6
4301107,134
4301206,27
4301305,99
4301404,87
4301503,10
4301552,20
4301602,977
4301636,188
4301651,69
4301701,112
4301750,93
4301800,75
4301859,60
4301875,64
4301909,119
4301925,7
4301958,100
4302006,22
4302055,95
4302105,3588
4302154,3
4302204,79
4302220,6
4302238,18
4302253,59
4302303,121
4302352,339
4302378,14
4302402,199
4302451,77
4302501,72
4302584,8
4302600,17
4302659,35
4302709,204
4302808,464
4302907,30
4303004,543
4303103,2652
4303202,88
4303301,2
4303400,50
4303509,1077
4303558,40
4303608,68
4303673,40
4303707,34
4303806,83
4303905,2169
4304002,19
4304101,17
4304200,148
4304309,23
4304358,82
4304408,634
4304507,197
4304606,6530
4304614,8
4304622,15
4304630,725
4304655,3
4304663,298
4304671,33
4304689,49
4304697,43
4304705,654
4304713,96
4304804,771
4304853,9
4304903,272
4304952,53
4305009,66
4305108,8489
4305116,10
4305124,20
4305132,0
4305157,7
4305173,55
4305207,37
4305306,39
4305355,832
4305371,185
4305405,60
4305439,16
4305447,20
4305454,176
4305504,95
4305587,42
4305603,71
4305702,60
4305801,105
4305850,12
4305871,25
4305900,72
4305934,12
4305959,59
4305975,88
4306007,80
4306056,65
4306072,17
4306106,1043
4306130,35
4306205,207
4306304,117
4306320,69
4306353,10
4306379,11
4306403,520
4306429,13
4306452,62
4306502,81
4306551,7
4306601,136
4306700,12
4306734,24
4306759,36
4306767,987
4306809,485
4306908,144
4306924,11
4306932,168
4306957,52
4306973,39
4307005,2220
4307054,20
4307104,62
4307203,37
4307302,12
4307401,5
4307450,91
4307500,409
4307559,60
4307609,1031
4307708,2159
4307807,586
4307831,2
4307864,11
4307906,1647
4308003,26
4308052,59
4308078,83
4308102,274
4308201,522
4308250,27
4308300,124
4308409,127
4308433,5
4308458,117
4308508,658
4308607,1192
4308656,0
4308706,82
4308805,141
4308854,26
4308904,139
4309001,146
4309050,141
4309100,1046
4309126,37
4309159,2
4309209,4067
4309258,115
4309308,1121
4309407,779
4309506,15
4309555,110
4309571,6
4309605,93
4309654,39
4309704,29
4309753,2
4309803,132
4309902,220
4309951,61
4310009,1071
4310108,638
4310207,1128
4310306,12
4310330,282
4310363,48
4310405,44
4310413,38
4310439,115
4310462,2
4310504,43
4310538,75
4310553,24
4310579,29
4310603,468
4310652,23
4310702,25
4310751,4
4310801,406
4310850,15
4310876,11
4310900,52
4311007,159
4311106,46
4311122,28
4311130,7
4311155,15
4311205,163
4311239,2
4311254,7
4311270,10
4311304,380
4311403,3313
4311429,66
4311502,43
4311601,41
4311627,120
4311643,31
4311700,179
4311718,22
4311734,90
4311759,38
4311775,71
4311791,26
4311809,1912
4311908,44
4311981,15
4312005,27
4312054,40
4312104,3
4312138,60
4312153,90
4312179,6
4312203,111
4312252,39
4312302,63
4312351,121
4312377,24
4312385,58
4312401,975
4312427,30
4312443,43
4312450,27
4312476,76
4312500,85
4312609,246
4312617,5
4312625,45
4312658,275
4312674,5
4312708,323
4312757,140
4312807,590
4312906,415
4312955,7
4313003,46
4313011,20
4313037,16
4313060,265
4313086,24
4313102,7
4313201,393
4313300,563
4313334,14
4313359,37
4313375,440
4313391,22
4313409,5577
4313425,11
4313441,1
4313466,6
4313490,169
4313508,1876
4313607,124
4313656,95
4313706,541
4313805,58
4313904,139
4313953,153
4314001,395
4314027,7
4314035,43
4314050,1436
4314068,25
4314076,42
4314100,7062
4314134,58
4314159,161
4314175,1
4314209,86
4314308,36
4314407,3711
4314423,34
4314456,39
4314464,1
4314472,1
4314498,71
4314506,90
4314548,23
4314555,8
4314605,50
4314704,78
4314753,79
4314779,35
4314787,39
4314803,448
4314902,25156
4315008,40
4315057,9
4315073,15
4315107,214
4315131,13
4315149,81
4315156,45
4315172,40
4315206,8
4315305,44
4315313,17
4315321,34
4315354,62
4315404,131
4315453,7
4315503,95
4315552,40
4315602,4248
4315701,388
4315750,76
4315800,180
4315909,34
4315958,5
4316006,525
4316105,155
4316204,41
4316303,42
4316402,281
4316428,66
4316436,44
4316451,94
4316477,15
4316501,64
4316600,391
4316709,95
4316733,139
4316758,53
4316808,1149
4316907,3825
4316956,76
4316972,21
4317004,18
4317103,507
4317202,1416
4317251,24
4317301,271
4317400,387
4317509,845
4317558,36
4317608,530
4317707,41
4317756,26
4317806,62
4317905,85
4317954,34
4318002,774
4318051,77
4318101,71
4318200,96
4318309,948
4318408,295
4318424,94
4318432,8
4318440,135
4318457,49
4318465,37
4318481,75
4318499,110
4318507,412
4318606,86
4318614,32
4318622,33
4318705,5677
4318804,244
4318903,274
4319000,357
4319109,111
4319125,20
4319158,35
4319208,4
4319307,26
4319356,40
4319364,26
4319372,17
4319406,84
4319505,424
4319604,170
4319703,53
4319711,30
4319737,4
4319752,28
4319802,5
4319901,1976
4320008,2267
4320107,644
4320206,338
4320230,9
4320263,11
4320305,83
4320321,40
4320354,25
4320404,812
4320453,12
4320503,68
4320552,130
4320578,8
4320602,34
4320651,16
4320677,16
4320701,38
4320800,277
4320859,212
4320909,576
4321006,119
4321105,163
4321204,780
4321303,656
4321329,25
4321352,37
4321402,360
4321436,119
4321451,1036
4321469,25
4321477,33
4321493,24
4321501,852
4321600,577
4321626,13
4321634,14
4321667,285
4321709,438
4321808,235
4321832,64
4321857,79
4321907,1009
4321956,111
4322004,410
4322103,44
4322152,30
4322186,2
4322202,73
4322251,91
4322301,117
4322327,24
4322343,1
4322350,5
4322376,6
4322400,919
4322509,757
4322525,27
4322533,19
4322541,100
4322558,131
4322608,1385
4322707,166
4322806,469
4322855,77
4322905,58
4323002,1621
4323101,19
4323200,40
4323309,106
4323358,25
4323408,119
4323457,53
4323507,4
4323606,43
4323705,49
4323754,4
4323770,76
4323804,101
5000203,130
5000252,12
5000609,194
5000708,585
5000807,30
5000856,90
5000906,60
5001003,808
5001102,1842
5001243,69
5001508,69
5001904,780
5002001,143
5002100,44
5002159,25
5002209,484
5002308,102
5002407,435
5002605,44
5002704,28134
5002803,30
5002902,563
5002951,733
5003108,42
5003157,81
5003207,3747
5003256,367
5003306,516
5003454,160
5003488,460
5003504,139
5003702,6743
5003751,144
5003801,476
5003900,18
5004007,119
5004106,334
5004304,334
5004403,62
5004502,339
5004601,297
5004700,270
5004809,5
5004908,34
5005004,184
5005103,29
5005152,216
5005202,709
5005251,42
5005400,411
5005608,1089
5005681,171
5005707,810
5005806,309
5006002,469
5006200,424
5006259,21
5006275,70
5006309,544
5006358,25
5006408,25
5006606,794
5006903,115
5007109,132
5007208,1142
5007307,28
5007406,193
5007505,96
5007554,48
5007695,907
5007703,27
5007802,21
5007901,1964
5007935,290
5007950,217
5007976,21
5008008,296
5008305,1806
5008404,110
5100102,115
5100201,326
5100250,603
5100300,134
5100359,63
5100409,164
5100508,81
5100607,96
5100805,17
5101001,22
5101209,2
5101258,293
5101308,187
5101407,207
5101605,82
5101704,361
5101803,1187
5101852,53
5101902,76
5102504,843
5102603,200
5102637,1271
5102678,1019
5102686,274
5102694,50
5102702,384
5102793,21
5102850,62
5103007,252
5103056,170
5103106,48
5103205,873
5103254,46
5103304,201
5103353,447
5103361,44
5103379,21
5103403,13958
5103437,52
5103452,79
5103502,188
5103601,86
5103700,175
5103809,19
5103858,168
5103908,169
5103957,7
5104104,596
5104203,49
5104500,12
5104526,222
5104542,35
5104559,43
5104609,75
5104807,663
5104906,124
5105002,38
5105101,171
5105150,417
5105176,223
5105200,211
5105234,69
5105259,3326
5105309,1
5105507,390
5105580,240
5105606,440
5105622,521
5105903,220
5106000,64
5106109,393
5106158,98
5106174,22
5106182,88
5106190,99
5106208,36
5106216,129
5106224,1623
5106232,191
5106240,150
5106257,145
5106265,126
5106273,21
5106281,49
5106299,180
5106307,449
5106315,40
5106372,362
5106422,889
5106455,25
5106505,379
5106653,127
5106703,2
5106752,1049
5106778,32
5106802,110
5106828,279
5106851,50
5107008,282
5107040,2108
5107065,559
5107107,501
5107156,14
5107180,153
5107198,6
5107206,72
5107248,78
5107263,63
5107297,48
5107305,172
5107354,49
5107404,62
5107578,19
5107602,4001
5107701,262
5107743,33
5107750,16
5107768,11
5107776,78
5107792,42
5107800,72
5107859,110
5107875,956
5107883,7
5107909,2357
5107925,3089
5107941,116
5107958,2772
5108006,375
5108055,138
5108105,12
5108204,28
5108303,44
5108352,19
5108402,5234
5108501,160
5108600,245
5108808,33
5108857,96
5108907,32
5108956,49
5200050,527
5200100,124
5200134,518
5200159,65
5200175,73
5200209,2
5200258,3163
5200308,1015
5200506,92
5200555,159
5200605,169
5200803,192
5200829,5
5200852,138
5200902,46
5201108,9622
5201207,14
5201306,655
5201405,28944
5201454,81
5201504,31
5201603,69
5201702,670
5201801,325
5202155,148
5202353,30
5202502,121
5202601,57
5202809,93
5203104,22
5203203,328
5203302,772
5203401,145
5203500,841
5203559,259
5203575,40
5203609,70
5203807,142
5203906,215
5203939,90
5203962,42
5204003,64
5204102,641
5204201,13
5204250,91
5204300,468
5204409,158
5204508,1543
5204557,77
5204607,135
5204656,120
5204706,348
5204805,16
5204854,21
5204904,287
5204953,35
5205000,65
5205059,40
5205109,2138
5205208,111
5205307,52
5205406,812
5205455,133
5205471,369
5205497,2700
5205513,498
5205521,69
5205703,54
5205802,134
5205901,82
5206206,578
5206305,34
5206404,484
5206503,39
5206602,17
5206701,10
5206800,73
5206909,16
5207105,21
5207253,94
5207352,92
5207402,278
5207501,27
5207535,236
5207600,66
5207808,146
5207907,72
5208004,2116
5208103,28
5208152,84
5208301,70
5208400,378
5208509,71
5208608,2587
5208707,51010
5208806,530
5208905,304
5209101,1205
5209150,108
5209200,429
5209291,34
5209408,49
5209457,19
5209606,16
5209705,874
5209804,162
5209903,109
5209937,132
5209952,251
5210000,2365
5210109,256
5210158,26
5210208,934
5210307,58
5210406,1165
5210562,277
5210604,78
5210802,63
5210901,339
5211008,119
5211206,511
5211305,101
5211404,42
5211503,2179
5211602,41
5211701,247
5211800,364
5211909,3394
5212006,23
5212055,38
5212105,180
5212204,414
5212253,16
5212303,143
5212501,4681
5212600,18
5212709,38
5212808,89
5212907,32
5212956,23
5213004,373
5213053,51
5213087,366
5213103,3649
5213400,34
5213509,20
5213707,200
5213756,445
5213772,40
5213806,1577
5213855,29
5213905,69
5214002,927
5214051,67
5214101,11
5214408,96
5214507,477
5214606,730
5214705,24
5214804,40
5214838,265
5214861,206
5214879,25
5214903,2
5215009,258
5215207,36
5215231,1703
5215256,11
5215306,189
5215405,67
5215504,195
5215603,579
5215652,31
5215702,2327
5215801,71
5215900,127
5216007,65
5216304,117
5216403,239
5216452,30
5216809,145
5216908,26
5217104,500
5217203,223
5217302,34
5217401,850
5217609,1494
5217708,184
5218003,668
5218052,299
5218102,39
5218300,403
5218391,58
5218508,1109
5218607,396
5218706,134
5218789,52
5218805,10787
5218904,220
5219001,120
5219100,228
5219209,58
5219258,64
5219308,2506
5219357,131
5219407,53
5219456,60
5219506,29
5219605,27
5219704,66
5219712,159
5219738,375
5219753,1059
5219803,11
5219902,78
5220009,180
5220058,9
5220108,844
5220157,121
5220207,52
5220264,61
5220280,65
5220405,398
5220454,3773
5220504,150
5220603,272
5220686,64
5220702,1
5221007,59
5221080,29
5221197,117
5221304,45
5221403,2509
5221452,21
5221502,183
5221551,174
5221577,7
5221601,900
5221700,114
5221809,34
5221858,5186
5221908,56
5222005,162
5222054,138
5222203,52
5222302,182
5300108,164027
