date,z,c,d
2020-09-24,4101804,3711,58
2020-09-24,4104808,7264,130
2020-09-24,4106902,35409,1197
2020-09-24,4108304,5605,85
2020-09-24,4113700,9437,223
2020-09-24,4115200,6937,119
2020-09-24,4118204,3823,81
2020-09-24,4125506,3515,150
2020-09-23,4101804,3711,58
2020-09-23,4104808,7264,130
2020-09-23,4106902,35409,1197
2020-09-23,4108304,5605,85
2020-09-23,4113700,9437,223
2020-09-23,4115200,6937,119
2020-09-23,4118204,3823,81
2020-09-23,4125506,3515,150
2020-09-22,4101804,3711,58
2020-09-22,4104808,7264,130
2020-09-22,4106902,35409,1197
2020-09-22,4108304,5605,85
2020-09-22,4113700,9437,223
2020-09-22,4115200,6937,119
2020-09-22,4118204,3823,81
2020-09-22,4125506,3515,150
2020-09-21,4101804,3711,58
2020-09-21,4104808,7264,130
2020-09-21,4106902,35409,1197
2020-09-21,4108304,5605,85
2020-09-21,4113700,9437,223
2020-09-21,4115200,6937,119
2020-09-21,4118204,3823,81
2020-09-21,4125506,3515,150
2020-09-20,4101804,3703,57
2020-09-20,4104808,7244,130
2020-09-20,4106902,35384,1185
2020-09-20,4108304,5602,82
2020-09-20,4113700,9309,218
2020-09-20,4115200,6866,119
2020-09-20,4118204,3806,81
2020-09-20,4125506,3496,148
2020-09-19,4101804,3676,55
2020-09-19,4104808,7210,130
2020-09-19,4106902,35171,1183
2020-09-19,4108304,5600,82
2020-09-19,4113700,9148,218
2020-09-19,4115200,6806,119
2020-09-19,4118204,3765,81
2020-09-19,4125506,3460,148
2020-09-18,4101804,3650,55
2020-09-18,4104808,7150,130
2020-09-18,4106902,34879,1176
2020-09-18,4108304,5557,81
2020-09-18,4113700,8956,218
2020-09-18,4115200,6773,119
2020-09-18,4118204,3707,81
2020-09-18,4125506,3443,148
2020-09-17,4101804,3623,53
2020-09-17,4104808,7083,130
2020-09-17,4106902,34491,1171
2020-09-17,4108304,5352,80
2020-09-17,4113700,8826,217
2020-09-17,4115200,6650,119
2020-09-17,4118204,3689,80
2020-09-17,4125506,3403,148
2020-09-16,4101804,3564,52
2020-09-16,4104808,6947,130
2020-09-16,4106902,33958,1158
2020-09-16,4108304,5275,79
2020-09-16,4113700,8671,214
2020-09-16,4115200,6514,117
2020-09-16,4118204,3620,80
2020-09-16,4125506,3310,147
2020-09-15,4101804,3544,52
2020-09-15,4104808,6890,129
2020-09-15,4106902,33480,1147
2020-09-15,4108304,5196,77
2020-09-15,4113700,8556,209
2020-09-15,4115200,6465,114
2020-09-15,4118204,3615,79
2020-09-15,4125506,3288,145
2020-09-14,4101804,3512,50
2020-09-14,4104808,6803,129
2020-09-14,4106902,33311,1131
2020-09-14,4108304,5162,76
2020-09-14,4113700,8448,200
2020-09-14,4115200,6372,109
2020-09-14,4118204,3605,79
2020-09-14,4125506,3275,144
2020-09-13,4101804,3491,50
2020-09-13,4104808,6793,129
2020-09-13,4106902,33243,1128
2020-09-13,4108304,5162,75
2020-09-13,4113700,8327,196
2020-09-13,4115200,6357,109
2020-09-13,4118204,3573,78
2020-09-13,4125506,3249,143
2020-09-12,4101804,3471,50
2020-09-12,4104808,6781,129
2020-09-12,4106902,33039,1122
2020-09-12,4108304,5162,73
2020-09-12,4113700,8207,196
2020-09-12,4115200,6320,109
2020-09-12,4118204,3571,78
2020-09-12,4125506,3191,143
2020-09-11,4101804,3390,49
2020-09-11,4104808,6662,129
2020-09-11,4106902,32458,1114
2020-09-11,4108304,4961,73
2020-09-11,4113700,8062,196
2020-09-11,4115200,6271,109
2020-09-11,4118204,3522,78
2020-09-11,4125506,3147,143
2020-09-10,4101804,3343,49
2020-09-10,4104808,6623,127
2020-09-10,4106902,32077,1104
2020-09-10,4108304,4791,70
2020-09-10,4113700,7879,187
2020-09-10,4115200,6171,99
2020-09-10,4118204,3464,78
2020-09-10,4125506,3045,143
2020-09-09,4101804,3328,49
2020-09-09,4104808,6567,125
2020-09-09,4106902,31709,1093
2020-09-09,4108304,4607,70
2020-09-09,4113700,7707,185
2020-09-09,4115200,5934,94
2020-09-09,4118204,3453,78
2020-09-09,4125506,3026,143
2020-09-08,4101804,3282,49
2020-09-08,4104808,6526,125
2020-09-08,4106902,31534,1081
2020-09-08,4108304,4509,70
2020-09-08,4113700,7565,182
2020-09-08,4115200,5892,94
2020-09-08,4118204,3413,74
2020-09-08,4125506,3017,142
2020-09-07,4101804,3222,49
2020-09-07,4104808,6474,124
2020-09-07,4106902,31409,1075
2020-09-07,4108304,4500,66
2020-09-07,4113700,7361,173
2020-09-07,4115200,5721,94
2020-09-07,4118204,3413,74
2020-09-07,4125506,3003,142
2020-09-06,4101804,3170,49
2020-09-06,4104808,6467,124
2020-09-06,4106902,31215,1063
2020-09-06,4108304,4500,66
2020-09-06,4113700,7290,173
2020-09-06,4115200,5713,94
2020-09-06,4118204,3402,74
2020-09-06,4125506,2992,142
2020-09-05,4101804,3164,48
2020-09-05,4104808,6453,124
2020-09-05,4106902,30881,1057
2020-09-05,4108304,4500,66
2020-09-05,4113700,7136,173
2020-09-05,4115200,5669,94
2020-09-05,4118204,3381,74
2020-09-05,4125506,2957,142
2020-09-04,4101804,3132,47
2020-09-04,4104808,6402,123
2020-09-04,4106902,30467,1047
2020-09-04,4108304,4409,65
2020-09-04,4113700,7023,173
2020-09-04,4115200,5591,94
2020-09-04,4118204,3351,74
2020-09-04,4125506,2916,141
2020-09-03,4101804,3078,46
2020-09-03,4104808,6362,122
2020-09-03,4106902,30067,1034
2020-09-03,4108304,4371,65
2020-09-03,4113700,6811,165
2020-09-03,4115200,5510,91
2020-09-03,4118204,3303,73
2020-09-03,4125506,2873,137
2020-09-02,4101804,3036,43
2020-09-02,4104808,6317,122
2020-09-02,4106902,29542,1012
2020-09-02,4108304,4305,64
2020-09-02,4113700,6629,165
2020-09-02,4115200,5428,91
2020-09-02,4118204,3273,72
2020-09-02,4125506,2842,135
2020-09-01,4101804,3004,43
2020-09-01,4104808,6223,122
2020-09-01,4106902,29072,997
2020-09-01,4108304,4095,64
2020-09-01,4113700,6491,165
2020-09-01,4115200,5305,88
2020-09-01,4118204,3252,72
2020-09-01,4125506,2790,133
2020-08-31,4101804,2974,42
2020-08-31,4104808,6194,121
2020-08-31,4106902,28713,985
2020-08-31,4108304,3900,60
2020-08-31,4113700,6254,160
2020-08-31,4115200,5193,87
2020-08-31,4118204,3238,70
2020-08-31,4125506,2765,130
2020-08-30,4101804,2845,42
2020-08-30,4104808,6110,119
2020-08-30,4106902,27829,956
2020-08-30,4108304,3720,60
2020-08-30,4113700,5807,157
2020-08-30,4115200,4962,87
2020-08-30,4118204,3148,70
2020-08-30,4125506,2609,127
2020-08-29,4101804,2845,42
2020-08-29,4104808,6110,119
2020-08-29,4106902,27829,956
2020-08-29,4108304,3720,60
2020-08-29,4113700,5807,157
2020-08-29,4115200,4962,87
2020-08-29,4118204,3148,70
2020-08-29,4125506,2609,127
2020-08-28,4101804,2845,42
2020-08-28,4104808,6110,119
2020-08-28,4106902,27829,956
2020-08-28,4108304,3720,60
2020-08-28,4113700,5807,157
2020-08-28,4115200,4962,87
2020-08-28,4118204,3148,70
2020-08-28,4125506,2609,127
2020-08-27,4101804,2732,42
2020-08-27,4104808,6003,119
2020-08-27,4106902,27400,943
2020-08-27,4108304,3605,59
2020-08-27,4113700,5663,152
2020-08-27,4115200,4909,87
2020-08-27,4118204,3100,69
2020-08-27,4125506,2558,127
2020-08-26,4101804,2664,42
2020-08-26,4104808,5983,118
2020-08-26,4106902,27067,929
2020-08-26,4108304,3484,53
2020-08-26,4113700,5461,152
2020-08-26,4115200,4882,86
2020-08-26,4118204,3077,69
2020-08-26,4125506,2513,125
2020-08-25,4101804,2635,42
2020-08-25,4104808,5886,118
2020-08-25,4106902,26640,923
2020-08-25,4108304,3395,52
2020-08-25,4113700,5383,152
2020-08-25,4115200,4764,79
2020-08-25,4118204,3076,69
2020-08-25,4125506,2450,124
2020-08-24,4101804,2589,41
2020-08-24,4104808,5863,118
2020-08-24,4106902,26204,911
2020-08-24,4108304,3291,50
2020-08-24,4113700,5291,150
2020-08-24,4115200,4561,76
2020-08-24,4118204,3072,67
2020-08-24,4125506,2399,121
2020-08-23,4101804,2543,40
2020-08-23,4104808,5852,115
2020-08-23,4106902,26168,902
2020-08-23,4108304,3290,47
2020-08-23,4113700,5236,150
2020-08-23,4115200,4527,76
2020-08-23,4118204,3033,67
2020-08-23,4125506,2341,119
2020-08-22,4101804,2514,40
2020-08-22,4104808,5839,115
2020-08-22,4106902,25963,896
2020-08-22,4108304,3289,47
2020-08-22,4113700,5150,149
2020-08-22,4115200,4470,76
2020-08-22,4118204,3021,67
2020-08-22,4125506,2293,119
2020-08-21,4101804,2428,39
2020-08-21,4104808,5775,115
2020-08-21,4106902,25555,886
2020-08-21,4108304,3271,47
2020-08-21,4113700,5049,149
2020-08-21,4115200,4331,76
2020-08-21,4118204,2986,67
2020-08-21,4125506,2195,118
2020-08-20,4101804,2401,39
2020-08-20,4104808,5707,114
2020-08-20,4106902,25339,877
2020-08-20,4108304,3229,47
2020-08-20,4113700,4862,147
2020-08-20,4115200,4241,76
2020-08-20,4118204,2957,66
2020-08-20,4125506,2112,117
2020-08-19,4101804,2354,38
2020-08-19,4104808,5649,114
2020-08-19,4106902,24852,839
2020-08-19,4108304,3158,44
2020-08-19,4113700,4708,145
2020-08-19,4115200,4165,73
2020-08-19,4118204,2896,66
2020-08-19,4125506,2037,113
2020-08-18,4101804,2317,37
2020-08-18,4104808,5601,113
2020-08-18,4106902,24389,837
2020-08-18,4108304,3078,44
2020-08-18,4113700,4603,144
2020-08-18,4115200,4056,73
2020-08-18,4118204,2896,66
2020-08-18,4125506,1995,110
2020-08-17,4101804,2247,37
2020-08-17,4104808,5545,113
2020-08-17,4106902,24166,823
2020-08-17,4108304,3027,44
2020-08-17,4113700,4478,142
2020-08-17,4115200,3984,70
2020-08-17,4118204,2868,66
2020-08-17,4125506,1946,110
2020-08-16,4101804,2241,37
2020-08-16,4104808,5537,112
2020-08-16,4106902,24091,816
2020-08-16,4108304,3027,44
2020-08-16,4113700,4384,133
2020-08-16,4115200,3939,70
2020-08-16,4118204,2867,61
2020-08-16,4125506,1899,108
2020-08-15,4101804,2220,36
2020-08-15,4104808,5520,112
2020-08-15,4106902,23879,802
2020-08-15,4108304,3027,43
2020-08-15,4113700,4312,132
2020-08-15,4115200,3930,70
2020-08-15,4118204,2840,61
2020-08-15,4125506,1872,107
2020-08-14,4101804,2206,34
2020-08-14,4104808,5456,113
2020-08-14,4106902,23415,777
2020-08-14,4108304,2979,42
2020-08-14,4113700,4207,132
2020-08-14,4115200,3878,70
2020-08-14,4118204,2806,61
2020-08-14,4125506,1844,105
2020-08-13,4101804,2175,34
2020-08-13,4104808,5373,110
2020-08-13,4106902,22926,768
2020-08-13,4108304,2940,42
2020-08-13,4113700,4149,132
2020-08-13,4115200,3821,68
2020-08-13,4118204,2762,61
2020-08-13,4125506,1808,103
2020-08-12,4101804,2121,34
2020-08-12,4104808,5329,110
2020-08-12,4106902,22498,750
2020-08-12,4108304,2793,42
2020-08-12,4113700,4099,132
2020-08-12,4115200,3646,61
2020-08-12,4118204,2684,59
2020-08-12,4125506,1773,103
2020-08-11,4101804,2086,32
2020-08-11,4104808,5299,106
2020-08-11,4106902,22036,734
2020-08-11,4108304,2791,42
2020-08-11,4113700,4024,127
2020-08-11,4115200,3549,58
2020-08-11,4118204,2680,58
2020-08-11,4125506,1745,101
2020-08-10,4101804,2041,32
2020-08-10,4104808,5280,106
2020-08-10,4106902,21703,724
2020-08-10,4108304,2789,40
2020-08-10,4113700,3963,127
2020-08-10,4115200,3452,58
2020-08-10,4118204,2678,57
2020-08-10,4125506,1731,98
2020-08-09,4101804,2009,32
2020-08-09,4104808,5244,106
2020-08-09,4106902,21426,707
2020-08-09,4108304,2732,38
2020-08-09,4113700,3889,123
2020-08-09,4115200,3417,58
2020-08-09,4118204,2635,56
2020-08-09,4125506,1706,96
2020-08-08,4101804,1978,32
2020-08-08,4104808,5238,106
2020-08-08,4106902,21115,692
2020-08-08,4108304,2638,37
2020-08-08,4113700,3821,123
2020-08-08,4115200,3385,58
2020-08-08,4118204,2551,56
2020-08-08,4125506,1667,96
2020-08-07,4101804,1930,32
2020-08-07,4104808,5162,107
2020-08-07,4106902,20629,678
2020-08-07,4108304,2636,37
2020-08-07,4113700,3736,123
2020-08-07,4115200,3363,58
2020-08-07,4118204,2507,56
2020-08-07,4125506,1617,94
2020-08-06,4101804,1865,32
2020-08-06,4104808,5042,108
2020-08-06,4106902,19618,650
2020-08-06,4108304,2526,33
2020-08-06,4113700,3631,120
2020-08-06,4115200,3210,52
2020-08-06,4118204,2389,54
2020-08-06,4125506,1577,90
2020-08-05,4101804,1865,32
2020-08-05,4104808,5042,108
2020-08-05,4106902,19618,650
2020-08-05,4108304,2526,33
2020-08-05,4113700,3631,120
2020-08-05,4115200,3210,52
2020-08-05,4118204,2389,54
2020-08-05,4125506,1577,90
2020-08-04,4101804,1814,31
2020-08-04,4104808,4985,106
2020-08-04,4106902,19088,638
2020-08-04,4108304,2468,33
2020-08-04,4113700,3533,119
2020-08-04,4115200,3060,52
2020-08-04,4118204,2351,54
2020-08-04,4125506,1541,89
2020-08-03,4101804,1745,29
2020-08-03,4104808,4938,105
2020-08-03,4106902,18764,613
2020-08-03,4108304,2406,32
2020-08-03,4113700,3468,119
2020-08-03,4115200,2975,50
2020-08-03,4118204,2302,50
2020-08-03,4125506,1494,87
2020-08-02,4101804,1715,28
2020-08-02,4104808,4936,104
2020-08-02,4106902,18511,596
2020-08-02,4108304,2384,32
2020-08-02,4113700,3407,115
2020-08-02,4115200,2829,50
2020-08-02,4118204,2299,50
2020-08-02,4125506,1482,83
2020-08-01,4101804,1612,28
2020-08-01,4104808,4926,104
2020-08-01,4106902,18213,578
2020-08-01,4108304,2376,32
2020-08-01,4113700,3343,115
2020-08-01,4115200,2796,50
2020-08-01,4118204,2226,50
2020-08-01,4125506,1457,81
2020-07-31,4101804,1594,28
2020-07-31,4104808,4878,102
2020-07-31,4106902,17806,555
2020-07-31,4108304,2291,30
2020-07-31,4113700,3264,111
2020-07-31,4115200,2684,49
2020-07-31,4118204,2205,50
2020-07-31,4125506,1395,76
2020-07-30,4101804,1556,27
2020-07-30,4104808,4823,99
2020-07-30,4106902,16472,528
2020-07-30,4108304,2243,30
2020-07-30,4113700,3203,110
2020-07-30,4115200,2647,47
2020-07-30,4118204,2145,49
2020-07-30,4125506,1365,74
2020-07-29,4101804,1533,26
2020-07-29,4104808,4714,98
2020-07-29,4106902,15895,517
2020-07-29,4108304,2179,28
2020-07-29,4113700,3148,110
2020-07-29,4115200,2530,44
2020-07-29,4118204,2081,44
2020-07-29,4125506,1313,73
2020-07-28,4101804,1483,25
2020-07-28,4104808,4638,98
2020-07-28,4106902,15627,497
2020-07-28,4108304,2145,27
2020-07-28,4113700,3068,107
2020-07-28,4115200,2463,38
2020-07-28,4118204,2061,43
2020-07-28,4125506,1258,71
2020-07-27,4101804,1385,20
2020-07-27,4104808,4611,95
2020-07-27,4106902,15272,482
2020-07-27,4108304,2117,27
2020-07-27,4113700,3005,107
2020-07-27,4115200,2429,37
2020-07-27,4118204,2056,43
2020-07-27,4125506,1219,70
2020-07-26,4101804,1297,20
2020-07-26,4104808,4574,95
2020-07-26,4106902,14796,472
2020-07-26,4108304,2040,26
2020-07-26,4113700,2883,107
2020-07-26,4115200,2288,37
2020-07-26,4118204,1953,41
2020-07-26,4125506,1182,69
2020-07-25,4101804,1297,20
2020-07-25,4104808,4574,94
2020-07-25,4106902,14796,464
2020-07-25,4108304,2040,26
2020-07-25,4113700,2883,107
2020-07-25,4115200,2288,37
2020-07-25,4118204,1953,41
2020-07-25,4125506,1182,68
2020-07-24,4101804,1288,20
2020-07-24,4104808,4533,93
2020-07-24,4106902,14324,445
2020-07-24,4108304,1964,19
2020-07-24,4113700,2823,102
2020-07-24,4115200,2280,36
2020-07-24,4118204,1920,39
2020-07-24,4125506,1168,66
2020-07-23,4101804,1230,19
2020-07-23,4104808,4449,92
2020-07-23,4106902,13784,423
2020-07-23,4108304,1754,19
2020-07-23,4113700,2748,101
2020-07-23,4115200,2254,36
2020-07-23,4118204,1835,35
2020-07-23,4125506,1115,64
2020-07-22,4101804,1224,19
2020-07-22,4104808,4305,91
2020-07-22,4106902,13162,404
2020-07-22,4108304,1563,19
2020-07-22,4113700,2677,98
2020-07-22,4115200,2239,35
2020-07-22,4118204,1703,35
2020-07-22,4125506,1089,63
2020-07-21,4101804,1162,19
2020-07-21,4104808,4214,85
2020-07-21,4106902,12464,386
2020-07-21,4108304,1331,17
2020-07-21,4113700,2591,98
2020-07-21,4115200,2171,32
2020-07-21,4118204,1657,34
2020-07-21,4125506,1050,60
2020-07-20,4101804,1093,18
2020-07-20,4104808,4157,85
2020-07-20,4106902,12283,361
2020-07-20,4108304,1213,16
2020-07-20,4113700,2527,98
2020-07-20,4115200,2160,31
2020-07-20,4118204,1619,30
2020-07-20,4125506,1008,60
2020-07-19,4101804,1092,18
2020-07-19,4104808,4132,85
2020-07-19,4106902,12195,355
2020-07-19,4108304,1140,16
2020-07-19,4113700,2453,97
2020-07-19,4115200,2096,31
2020-07-19,4118204,1559,30
2020-07-19,4125506,1000,54
2020-07-18,4101804,1069,18
2020-07-18,4104808,4120,84
2020-07-18,4106902,11822,343
2020-07-18,4108304,1044,16
2020-07-18,4113700,2402,97
2020-07-18,4115200,2094,31
2020-07-18,4118204,1495,30
2020-07-18,4125506,990,54
2020-07-17,4101804,1040,18
2020-07-17,4104808,4063,83
2020-07-17,4106902,11338,337
2020-07-17,4108304,936,16
2020-07-17,4113700,2321,97
2020-07-17,4115200,1984,30
2020-07-17,4118204,1403,30
2020-07-17,4125506,970,54
2020-07-16,4101804,1020,19
2020-07-16,4104808,3981,80
2020-07-16,4106902,10804,315
2020-07-16,4108304,857,14
2020-07-16,4113700,2261,97
2020-07-16,4115200,1944,30
2020-07-16,4118204,1287,27
2020-07-16,4125506,945,53
2020-07-15,4101804,966,13
2020-07-15,4104808,3894,80
2020-07-15,4106902,10147,306
2020-07-15,4108304,814,11
2020-07-15,4113700,2185,96
2020-07-15,4115200,1875,28
2020-07-15,4118204,1131,25
2020-07-15,4125506,920,52
2020-07-14,4101804,928,11
2020-07-14,4104808,3810,79
2020-07-14,4106902,9532,285
2020-07-14,4108304,746,11
2020-07-14,4113700,2130,96
2020-07-14,4115200,1855,28
2020-07-14,4118204,1073,22
2020-07-14,4125506,865,50
2020-07-13,4101804,861,11
2020-07-13,4104808,3697,74
2020-07-13,4106902,9329,262
2020-07-13,4108304,726,11
2020-07-13,4113700,2032,94
2020-07-13,4115200,1756,28
2020-07-13,4118204,1001,20
2020-07-13,4125506,838,49
2020-07-12,4101804,827,10
2020-07-12,4104808,3686,74
2020-07-12,4106902,9158,245
2020-07-12,4108304,726,11
2020-07-12,4113700,2000,94
2020-07-12,4115200,1744,25
2020-07-12,4118204,962,15
2020-07-12,4125506,820,45
2020-07-11,4101804,780,10
2020-07-11,4104808,3672,73
2020-07-11,4106902,8690,228
2020-07-11,4108304,723,11
2020-07-11,4113700,1936,94
2020-07-11,4115200,1714,25
2020-07-11,4118204,871,15
2020-07-11,4125506,806,45
2020-07-10,4101804,730,10
2020-07-10,4104808,3608,71
2020-07-10,4106902,8431,210
2020-07-10,4108304,672,11
2020-07-10,4113700,1873,92
2020-07-10,4115200,1688,24
2020-07-10,4118204,866,15
2020-07-10,4125506,798,45
2020-07-09,4101804,713,10
2020-07-09,4104808,3561,64
2020-07-09,4106902,7707,207
2020-07-09,4108304,646,8
2020-07-09,4113700,1847,88
2020-07-09,4115200,1583,21
2020-07-09,4118204,823,14
2020-07-09,4125506,761,44
2020-07-08,4101804,692,10
2020-07-08,4104808,3485,63
2020-07-08,4106902,7250,199
2020-07-08,4108304,608,8
2020-07-08,4113700,1813,88
2020-07-08,4115200,1554,19
2020-07-08,4118204,739,13
2020-07-08,4125506,719,41
2020-07-07,4101804,660,9
2020-07-07,4104808,3430,60
2020-07-07,4106902,6692,188
2020-07-07,4108304,602,8
2020-07-07,4113700,1773,88
2020-07-07,4115200,1431,19
2020-07-07,4118204,725,12
2020-07-07,4125506,680,38
2020-07-06,4101804,579,9
2020-07-06,4104808,3357,59
2020-07-06,4106902,6443,181
2020-07-06,4108304,593,8
2020-07-06,4113700,1700,85
2020-07-06,4115200,1406,19
2020-07-06,4118204,683,12
2020-07-06,4125506,647,38
2020-07-05,4101804,573,9
2020-07-05,4104808,3337,59
2020-07-05,4106902,6084,179
2020-07-05,4108304,588,8
2020-07-05,4113700,1673,84
2020-07-05,4115200,1401,18
2020-07-05,4118204,611,10
2020-07-05,4125506,635,36
2020-07-04,4101804,537,8
2020-07-04,4104808,3329,56
2020-07-04,4106902,5828,168
2020-07-04,4108304,554,8
2020-07-04,4113700,1615,84
2020-07-04,4115200,1396,18
2020-07-04,4118204,588,10
2020-07-04,4125506,603,35
2020-07-03,4101804,491,7
2020-07-03,4104808,3272,54
2020-07-03,4106902,5154,164
2020-07-03,4108304,542,8
2020-07-03,4113700,1512,80
2020-07-03,4115200,1371,18
2020-07-03,4118204,441,9
2020-07-03,4125506,553,31
2020-07-02,4101804,474,6
2020-07-02,4104808,3134,52
2020-07-02,4106902,4828,160
2020-07-02,4108304,480,8
2020-07-02,4113700,1455,78
2020-07-02,4115200,1332,18
2020-07-02,4118204,415,6
2020-07-02,4125506,510,30
2020-07-01,4101804,401,5
2020-07-01,4104808,2962,49
2020-07-01,4106902,4454,145
2020-07-01,4108304,437,8
2020-07-01,4113700,1414,77
2020-07-01,4115200,1210,18
2020-07-01,4118204,382,6
2020-07-01,4125506,449,29
2020-06-30,4101804,375,4
2020-06-30,4104808,2828,46
2020-06-30,4106902,4115,145
2020-06-30,4108304,397,8
2020-06-30,4113700,1396,76
2020-06-30,4115200,1162,18
2020-06-30,4118204,319,6
2020-06-30,4125506,408,27
2020-06-29,4101804,341,4
2020-06-29,4104808,2601,44
2020-06-29,4106902,3874,139
2020-06-29,4108304,358,8
2020-06-29,4113700,1359,73
2020-06-29,4115200,1148,16
2020-06-29,4118204,312,6
2020-06-29,4125506,365,26
2020-06-28,4101804,312,4
2020-06-28,4104808,2601,43
2020-06-28,4106902,3696,134
2020-06-28,4108304,356,6
2020-06-28,4113700,1355,73
2020-06-28,4115200,1142,15
2020-06-28,4118204,270,5
2020-06-28,4125506,341,26
2020-06-27,4101804,308,4
2020-06-27,4104808,2477,35
2020-06-27,4106902,3438,129
2020-06-27,4108304,330,6
2020-06-27,4113700,1308,71
2020-06-27,4115200,1034,15
2020-06-27,4118204,263,5
2020-06-27,4125506,334,25
2020-06-26,4101804,300,4
2020-06-26,4104808,2432,35
2020-06-26,4106902,3208,128
2020-06-26,4108304,247,6
2020-06-26,4113700,1253,71
2020-06-26,4115200,1019,15
2020-06-26,4118204,231,5
2020-06-26,4125506,322,24
2020-06-25,4101804,279,3
2020-06-25,4104808,2246,34
2020-06-25,4106902,3093,122
2020-06-25,4108304,236,5
2020-06-25,4113700,1233,63
2020-06-25,4115200,900,15
2020-06-25,4118204,220,5
2020-06-25,4125506,315,24
2020-06-24,4101804,270,2
2020-06-24,4104808,2114,32
2020-06-24,4106902,2968,120
2020-06-24,4108304,233,5
2020-06-24,4113700,1186,61
2020-06-24,4115200,872,15
2020-06-24,4118204,211,5
2020-06-24,4125506,307,21
2020-06-23,4101804,261,2
2020-06-23,4104808,1904,32
2020-06-23,4106902,2757,117
2020-06-23,4108304,227,5
2020-06-23,4113700,1126,61
2020-06-23,4115200,855,13
2020-06-23,4118204,190,5
2020-06-23,4125506,298,20
2020-06-22,4101804,238,2
2020-06-22,4104808,1813,31
2020-06-22,4106902,2666,110
2020-06-22,4108304,222,5
2020-06-22,4113700,1108,59
2020-06-22,4115200,763,11
2020-06-22,4118204,162,5
2020-06-22,4125506,283,18
2020-06-21,4101804,235,2
2020-06-21,4104808,1751,31
2020-06-21,4106902,2487,103
2020-06-21,4108304,220,5
2020-06-21,4113700,1095,58
2020-06-21,4115200,722,11
2020-06-21,4118204,162,5
2020-06-21,4125506,281,16
2020-06-20,4101804,206,2
2020-06-20,4104808,1714,28
2020-06-20,4106902,2375,99
2020-06-20,4108304,217,4
2020-06-20,4113700,1057,56
2020-06-20,4115200,712,11
2020-06-20,4118204,161,4
2020-06-20,4125506,267,16
2020-06-19,4101804,200,2
2020-06-19,4104808,1520,26
2020-06-19,4106902,2253,98
2020-06-19,4108304,212,4
2020-06-19,4113700,1026,56
2020-06-19,4115200,673,11
2020-06-19,4118204,160,4
2020-06-19,4125506,260,16
2020-06-18,4101804,192,2
2020-06-18,4104808,1327,25
2020-06-18,4106902,2060,95
2020-06-18,4108304,213,4
2020-06-18,4113700,982,52
2020-06-18,4115200,558,11
2020-06-18,4118204,133,4
2020-06-18,4125506,250,15
2020-06-17,4101804,173,2
2020-06-17,4104808,1189,23
2020-06-17,4106902,1945,90
2020-06-17,4108304,183,4
2020-06-17,4113700,946,48
2020-06-17,4115200,496,11
2020-06-17,4118204,130,4
2020-06-17,4125506,234,13
2020-06-16,4101804,162,2
2020-06-16,4104808,1108,18
2020-06-16,4106902,1898,83
2020-06-16,4108304,183,4
2020-06-16,4113700,925,47
2020-06-16,4115200,452,11
2020-06-16,4118204,129,4
2020-06-16,4125506,227,12
2020-06-15,4101804,146,2
2020-06-15,4104808,1048,15
2020-06-15,4106902,1770,79
2020-06-15,4108304,168,4
2020-06-15,4113700,880,43
2020-06-15,4115200,386,11
2020-06-15,4118204,114,4
2020-06-15,4125506,219,12
2020-06-14,4101804,146,2
2020-06-14,4104808,1039,15
2020-06-14,4106902,1736,78
2020-06-14,4108304,167,3
2020-06-14,4113700,865,41
2020-06-14,4115200,386,11
2020-06-14,4118204,111,4
2020-06-14,4125506,212,12
2020-06-13,4101804,141,2
2020-06-13,4104808,1026,15
2020-06-13,4106902,1676,76
2020-06-13,4108304,167,3
2020-06-13,4113700,819,35
2020-06-13,4115200,368,11
2020-06-13,4118204,96,4
2020-06-13,4125506,206,11
2020-06-12,4101804,135,1
2020-06-12,4104808,975,13
2020-06-12,4106902,1579,75
2020-06-12,4108304,167,3
2020-06-12,4113700,768,33
2020-06-12,4115200,327,11
2020-06-12,4118204,96,4
2020-06-12,4125506,194,10
2020-06-11,4101804,134,1
2020-06-11,4104808,930,11
2020-06-11,4106902,1541,67
2020-06-11,4108304,136,3
2020-06-11,4113700,752,33
2020-06-11,4115200,319,11
2020-06-11,4118204,89,4
2020-06-11,4125506,175,10
2020-06-10,4101804,129,1
2020-06-10,4104808,889,11
2020-06-10,4106902,1420,67
2020-06-10,4108304,136,3
2020-06-10,4113700,719,33
2020-06-10,4115200,289,11
2020-06-10,4118204,83,4
2020-06-10,4125506,163,10
2020-06-09,4101804,113,1
2020-06-09,4104808,822,11
2020-06-09,4106902,1357,62
2020-06-09,4108304,133,3
2020-06-09,4113700,674,33
2020-06-09,4115200,266,11
2020-06-09,4118204,82,4
2020-06-09,4125506,152,8
2020-06-08,4101804,113,1
2020-06-08,4104808,760,10
2020-06-08,4106902,1322,58
2020-06-08,4108304,132,3
2020-06-08,4113700,612,33
2020-06-08,4115200,252,11
2020-06-08,4118204,80,4
2020-06-08,4125506,148,8
2020-06-07,4101804,110,0
2020-06-07,4104808,756,10
2020-06-07,4106902,1312,57
2020-06-07,4108304,132,3
2020-06-07,4113700,603,31
2020-06-07,4115200,245,10
2020-06-07,4118204,80,4
2020-06-07,4125506,141,8
2020-06-06,4101804,106,0
2020-06-06,4104808,742,10
2020-06-06,4106902,1264,54
2020-06-06,4108304,132,3
2020-06-06,4113700,589,31
2020-06-06,4115200,240,10
2020-06-06,4118204,73,4
2020-06-06,4125506,138,7
2020-06-05,4101804,105,0
2020-06-05,4104808,690,10
2020-06-05,4106902,1230,55
2020-06-05,4108304,133,3
2020-06-05,4113700,570,30
2020-06-05,4115200,212,10
2020-06-05,4118204,71,4
2020-06-05,4125506,136,5
2020-06-04,4101804,102,0
2020-06-04,4104808,621,9
2020-06-04,4106902,1143,53
2020-06-04,4108304,133,3
2020-06-04,4113700,521,29
2020-06-04,4115200,199,9
2020-06-04,4118204,71,4
2020-06-04,4125506,127,5
2020-06-03,4101804,100,0
2020-06-03,4104808,586,8
2020-06-03,4106902,1099,53
2020-06-03,4108304,130,3
2020-06-03,4113700,491,28
2020-06-03,4115200,190,9
2020-06-03,4118204,64,4
2020-06-03,4125506,123,5
2020-06-02,4101804,77,0
2020-06-02,4104808,523,8
2020-06-02,4106902,1028,51
2020-06-02,4108304,128,3
2020-06-02,4113700,461,27
2020-06-02,4115200,177,6
2020-06-02,4118204,63,4
2020-06-02,4125506,112,5
2020-06-01,4101804,63,0
2020-06-01,4104808,460,7
2020-06-01,4106902,1005,49
2020-06-01,4108304,126,3
2020-06-01,4113700,430,24
2020-06-01,4115200,165,6
2020-06-01,4118204,63,4
2020-06-01,4125506,106,5
2020-05-31,4101804,61,0
2020-05-31,4104808,460,7
2020-05-31,4106902,984,47
2020-05-31,4108304,126,2
2020-05-31,4113700,423,24
2020-05-31,4115200,164,6
2020-05-31,4118204,62,4
2020-05-31,4125506,104,4
2020-05-30,4101804,59,0
2020-05-30,4104808,448,7
2020-05-30,4106902,945,47
2020-05-30,4108304,126,2
2020-05-30,4113700,415,23
2020-05-30,4115200,159,6
2020-05-30,4118204,54,4
2020-05-30,4125506,99,4
2020-05-29,4101804,58,0
2020-05-29,4104808,407,7
2020-05-29,4106902,921,42
2020-05-29,4108304,125,2
2020-05-29,4113700,375,21
2020-05-29,4115200,156,6
2020-05-29,4118204,54,4
2020-05-29,4125506,97,4
2020-05-28,4101804,56,0
2020-05-28,4104808,365,7
2020-05-28,4106902,904,39
2020-05-28,4108304,116,2
2020-05-28,4113700,349,21
2020-05-28,4115200,140,6
2020-05-28,4118204,46,4
2020-05-28,4125506,86,4
2020-05-27,4101804,53,0
2020-05-27,4104808,317,7
2020-05-27,4106902,852,37
2020-05-27,4108304,103,2
2020-05-27,4113700,334,21
2020-05-27,4115200,134,6
2020-05-27,4118204,46,4
2020-05-27,4125506,77,4
2020-05-26,4101804,49,0
2020-05-26,4104808,286,7
2020-05-26,4106902,816,37
2020-05-26,4108304,87,2
2020-05-26,4113700,317,20
2020-05-26,4115200,118,6
2020-05-26,4118204,44,4
2020-05-26,4125506,75,4
2020-05-25,4101804,49,0
2020-05-25,4104808,242,6
2020-05-25,4106902,790,36
2020-05-25,4108304,86,2
2020-05-25,4113700,307,20
2020-05-25,4115200,108,6
2020-05-25,4118204,44,4
2020-05-25,4125506,73,4
2020-05-24,4101804,46,0
2020-05-24,4104808,220,6
2020-05-24,4106902,778,36
2020-05-24,4108304,86,2
2020-05-24,4113700,279,20
2020-05-24,4115200,108,6
2020-05-24,4118204,44,4
2020-05-24,4125506,72,4
2020-05-23,4101804,43,0
2020-05-23,4104808,210,6
2020-05-23,4106902,751,36
2020-05-23,4108304,86,2
2020-05-23,4113700,264,20
2020-05-23,4115200,106,6
2020-05-23,4118204,44,4
2020-05-23,4125506,69,4
2020-05-22,4101804,41,0
2020-05-22,4104808,195,6
2020-05-22,4106902,728,35
2020-05-22,4108304,81,2
2020-05-22,4113700,226,19
2020-05-22,4115200,102,6
2020-05-22,4118204,44,4
2020-05-22,4125506,65,4
2020-05-21,4101804,33,0
2020-05-21,4104808,175,6
2020-05-21,4106902,711,35
2020-05-21,4108304,81,2
2020-05-21,4113700,209,18
2020-05-21,4115200,101,6
2020-05-21,4118204,43,3
2020-05-21,4125506,60,4
2020-05-20,4101804,32,0
2020-05-20,4104808,166,6
2020-05-20,4106902,677,34
2020-05-20,4108304,77,2
2020-05-20,4113700,175,18
2020-05-20,4115200,96,6
2020-05-20,4118204,41,3
2020-05-20,4125506,53,4
2020-05-19,4101804,29,0
2020-05-19,4104808,148,5
2020-05-19,4106902,648,34
2020-05-19,4108304,76,2
2020-05-19,4113700,162,17
2020-05-19,4115200,92,6
2020-05-19,4118204,41,3
2020-05-19,4125506,52,4
2020-05-18,4101804,23,0
2020-05-18,4104808,139,5
2020-05-18,4106902,642,34
2020-05-18,4108304,75,2
2020-05-18,4113700,138,16
2020-05-18,4115200,92,6
2020-05-18,4118204,34,3
2020-05-18,4125506,49,4
2020-05-17,4101804,14,0
2020-05-17,4104808,138,5
2020-05-17,4106902,639,33
2020-05-17,4108304,75,2
2020-05-17,4113700,134,16
2020-05-17,4115200,92,6
2020-05-17,4118204,29,3
2020-05-17,4125506,48,3
2020-05-16,4101804,14,0
2020-05-16,4104808,136,5
2020-05-16,4106902,629,33
2020-05-16,4108304,75,2
2020-05-16,4113700,131,15
2020-05-16,4115200,84,6
2020-05-16,4118204,27,3
2020-05-16,4125506,48,3
2020-05-15,4101804,14,0
2020-05-15,4104808,114,5
2020-05-15,4106902,607,32
2020-05-15,4108304,75,2
2020-05-15,4113700,125,15
2020-05-15,4115200,81,6
2020-05-15,4118204,25,3
2020-05-15,4125506,47,3
2020-05-14,4101804,14,0
2020-05-14,4104808,108,5
2020-05-14,4106902,582,31
2020-05-14,4108304,71,2
2020-05-14,4113700,125,15
2020-05-14,4115200,78,6
2020-05-14,4118204,25,2
2020-05-14,4125506,46,3
2020-05-13,4101804,13,0
2020-05-13,4104808,103,5
2020-05-13,4106902,571,30
2020-05-13,4108304,71,2
2020-05-13,4113700,122,15
2020-05-13,4115200,76,6
2020-05-13,4118204,20,2
2020-05-13,4125506,44,3
2020-05-12,4101804,11,0
2020-05-12,4104808,97,5
2020-05-12,4106902,557,29
2020-05-12,4108304,68,2
2020-05-12,4113700,120,15
2020-05-12,4115200,64,6
2020-05-12,4118204,18,2
2020-05-12,4125506,37,3
2020-05-11,4101804,11,0
2020-05-11,4104808,95,4
2020-05-11,4106902,554,29
2020-05-11,4108304,61,2
2020-05-11,4113700,114,15
2020-05-11,4115200,63,6
2020-05-11,4118204,18,2
2020-05-11,4125506,29,2
2020-05-10,4101804,11,0
2020-05-10,4104808,95,4
2020-05-10,4106902,553,29
2020-05-10,4108304,61,2
2020-05-10,4113700,114,14
2020-05-10,4115200,63,6
2020-05-10,4118204,17,2
2020-05-10,4125506,29,2
2020-05-09,4101804,11,0
2020-05-09,4104808,91,4
2020-05-09,4106902,541,29
2020-05-09,4108304,60,2
2020-05-09,4113700,112,14
2020-05-09,4115200,63,6
2020-05-09,4118204,17,2
2020-05-09,4125506,27,1
2020-05-08,4101804,8,0
2020-05-08,4104808,86,4
2020-05-08,4106902,514,28
2020-05-08,4108304,60,2
2020-05-08,4113700,110,14
2020-05-08,4115200,63,6
2020-05-08,4118204,16,2
2020-05-08,4125506,26,1
2020-05-07,4101804,8,0
2020-05-07,4104808,86,4
2020-05-07,4106902,506,27
2020-05-07,4108304,50,2
2020-05-07,4113700,109,14
2020-05-07,4115200,63,6
2020-05-07,4118204,16,2
2020-05-07,4125506,25,1
2020-05-06,4101804,8,0
2020-05-06,4104808,86,4
2020-05-06,4106902,500,26
2020-05-06,4108304,49,2
2020-05-06,4113700,109,14
2020-05-06,4115200,63,5
2020-05-06,4118204,16,2
2020-05-06,4125506,25,1
2020-05-05,4101804,8,0
2020-05-05,4104808,86,4
2020-05-05,4106902,491,26
2020-05-05,4108304,48,2
2020-05-05,4113700,106,13
2020-05-05,4115200,62,5
2020-05-05,4118204,16,2
2020-05-05,4125506,25,1
2020-05-04,4101804,8,0
2020-05-04,4104808,85,4
2020-05-04,4106902,485,23
2020-05-04,4108304,48,2
2020-05-04,4113700,107,13
2020-05-04,4115200,61,5
2020-05-04,4118204,16,2
2020-05-04,4125506,25,1
2020-05-03,4101804,8,0
2020-05-03,4104808,85,4
2020-05-03,4106902,470,23
2020-05-03,4108304,48,2
2020-05-03,4113700,106,13
2020-05-03,4115200,61,5
2020-05-03,4118204,16,2
2020-05-03,4125506,25,1
2020-05-02,4101804,8,0
2020-05-02,4104808,85,4
2020-05-02,4106902,467,23
2020-05-02,4108304,48,2
2020-05-02,4113700,105,13
2020-05-02,4115200,61,5
2020-05-02,4118204,16,2
2020-05-02,4125506,25,1
2020-05-01,4101804,8,0
2020-05-01,4104808,85,4
2020-05-01,4106902,453,23
2020-05-01,4108304,48,2
2020-05-01,4113700,104,13
2020-05-01,4115200,60,5
2020-05-01,4118204,16,2
2020-05-01,4125506,23,1
2020-04-30,4101804,8,0
2020-04-30,4104808,86,4
2020-04-30,4106902,444,20
2020-04-30,4108304,47,2
2020-04-30,4113700,101,13
2020-04-30,4115200,59,5
2020-04-30,4118204,16,2
2020-04-30,4125506,23,1
2020-04-29,4101804,7,0
2020-04-29,4104808,84,4
2020-04-29,4106902,434,17
2020-04-29,4108304,44,1
2020-04-29,4113700,101,13
2020-04-29,4115200,58,5
2020-04-29,4118204,16,2
2020-04-29,4125506,22,1
2020-04-28,4101804,6,0
2020-04-28,4104808,75,4
2020-04-28,4106902,426,17
2020-04-28,4108304,40,1
2020-04-28,4113700,100,13
2020-04-28,4115200,57,5
2020-04-28,4118204,14,2
2020-04-28,4125506,21,0
2020-04-27,4101804,6,0
2020-04-27,4104808,71,4
2020-04-27,4106902,414,16
2020-04-27,4108304,40,1
2020-04-27,4113700,95,13
2020-04-27,4115200,55,5
2020-04-27,4118204,14,2
2020-04-27,4125506,21,0
2020-04-26,4101804,6,0
2020-04-26,4104808,70,4
2020-04-26,4106902,404,16
2020-04-26,4108304,42,1
2020-04-26,4113700,95,13
2020-04-26,4115200,54,5
2020-04-26,4118204,12,2
2020-04-26,4125506,21,0
2020-04-25,4101804,6,0
2020-04-25,4104808,69,4
2020-04-25,4106902,401,14
2020-04-25,4108304,42,0
2020-04-25,4113700,93,12
2020-04-25,4115200,53,5
2020-04-25,4118204,12,2
2020-04-25,4125506,19,0
2020-04-24,4101804,6,0
2020-04-24,4104808,68,3
2020-04-24,4106902,397,14
2020-04-24,4108304,40,0
2020-04-24,4113700,93,10
2020-04-24,4115200,53,5
2020-04-24,4118204,12,2
2020-04-24,4125506,19,0
2020-04-23,4101804,6,0
2020-04-23,4104808,66,3
2020-04-23,4106902,389,14
2020-04-23,4108304,38,0
2020-04-23,4113700,91,8
2020-04-23,4115200,50,5
2020-04-23,4118204,12,2
2020-04-23,4125506,18,0
2020-04-22,4101804,6,0
2020-04-22,4104808,64,3
2020-04-22,4106902,380,14
2020-04-22,4108304,38,0
2020-04-22,4113700,91,8
2020-04-22,4115200,50,5
2020-04-22,4118204,12,2
2020-04-22,4125506,18,0
2020-04-21,4101804,5,0
2020-04-21,4104808,64,3
2020-04-21,4106902,373,11
2020-04-21,4108304,38,0
2020-04-21,4113700,90,7
2020-04-21,4115200,49,5
2020-04-21,4118204,12,2
2020-04-21,4125506,18,0
2020-04-20,4101804,5,0
2020-04-20,4104808,64,3
2020-04-20,4106902,369,9
2020-04-20,4108304,38,0
2020-04-20,4113700,94,7
2020-04-20,4115200,41,5
2020-04-20,4118204,11,2
2020-04-20,4125506,18,0
2020-04-19,4101804,5,0
2020-04-19,4104808,64,3
2020-04-19,4106902,360,9
2020-04-19,4108304,38,0
2020-04-19,4113700,92,7
2020-04-19,4115200,41,5
2020-04-19,4118204,11,2
2020-04-19,4125506,18,0
2020-04-18,4101804,5,0
2020-04-18,4104808,63,3
2020-04-18,4106902,346,9
2020-04-18,4108304,39,0
2020-04-18,4113700,90,6
2020-04-18,4115200,40,5
2020-04-18,4118204,11,2
2020-04-18,4125506,18,0
2020-04-17,4101804,5,0
2020-04-17,4104808,61,2
2020-04-17,4106902,335,8
2020-04-17,4108304,36,0
2020-04-17,4113700,78,5
2020-04-17,4115200,40,5
2020-04-17,4118204,10,2
2020-04-17,4125506,18,0
2020-04-16,4101804,5,0
2020-04-16,4104808,59,2
2020-04-16,4106902,320,8
2020-04-16,4108304,36,0
2020-04-16,4113700,74,4
2020-04-16,4115200,32,5
2020-04-16,4118204,10,2
2020-04-16,4125506,17,0
2020-04-15,4101804,5,0
2020-04-15,4104808,60,2
2020-04-15,4106902,306,8
2020-04-15,4108304,35,0
2020-04-15,4113700,74,4
2020-04-15,4115200,31,5
2020-04-15,4118204,8,2
2020-04-15,4125506,16,0
2020-04-14,4101804,4,0
2020-04-14,4104808,60,2
2020-04-14,4106902,302,7
2020-04-14,4108304,31,0
2020-04-14,4113700,75,4
2020-04-14,4115200,30,5
2020-04-14,4118204,8,2
2020-04-14,4125506,15,0
2020-04-13,4101804,4,0
2020-04-13,4104808,60,2
2020-04-13,4106902,299,6
2020-04-13,4108304,30,0
2020-04-13,4113700,72,4
2020-04-13,4115200,29,5
2020-04-13,4118204,6,2
2020-04-13,4125506,15,0
2020-04-12,4101804,4,0
2020-04-12,4104808,60,2
2020-04-12,4106902,302,6
2020-04-12,4108304,27,0
2020-04-12,4113700,69,4
2020-04-12,4115200,28,4
2020-04-12,4118204,6,2
2020-04-12,4125506,13,0
2020-04-11,4101804,4,0
2020-04-11,4104808,58,2
2020-04-11,4106902,279,5
2020-04-11,4108304,27,0
2020-04-11,4113700,62,3
2020-04-11,4115200,27,4
2020-04-11,4118204,5,2
2020-04-11,4125506,11,0
2020-04-10,4101804,4,0
2020-04-10,4104808,57,1
2020-04-10,4106902,251,5
2020-04-10,4108304,27,0
2020-04-10,4113700,61,3
2020-04-10,4115200,27,4
2020-04-10,4118204,5,2
2020-04-10,4125506,11,0
2020-04-09,4101804,3,0
2020-04-09,4104808,53,1
2020-04-09,4106902,237,5
2020-04-09,4108304,27,0
2020-04-09,4113700,61,2
2020-04-09,4115200,27,4
2020-04-09,4118204,5,2
2020-04-09,4125506,11,0
2020-04-08,4101804,2,0
2020-04-08,4104808,42,1
2020-04-08,4106902,205,3
2020-04-08,4108304,26,0
2020-04-08,4113700,59,2
2020-04-08,4115200,25,2
2020-04-08,4118204,6,1
2020-04-08,4125506,9,0
2020-04-07,4101804,2,0
2020-04-07,4104808,41,1
2020-04-07,4106902,194,3
2020-04-07,4108304,26,0
2020-04-07,4113700,54,2
2020-04-07,4115200,23,2
2020-04-07,4118204,5,0
2020-04-07,4125506,9,0
2020-04-06,4101804,2,0
2020-04-06,4104808,36,1
2020-04-06,4106902,175,3
2020-04-06,4108304,25,0
2020-04-06,4113700,47,1
2020-04-06,4115200,23,2
2020-04-06,4118204,5,0
2020-04-06,4125506,7,0
2020-04-05,4101804,2,0
2020-04-05,4104808,35,1
2020-04-05,4106902,172,0
2020-04-05,4108304,24,0
2020-04-05,4113700,38,1
2020-04-05,4115200,21,2
2020-04-05,4118204,5,0
2020-04-05,4125506,7,0
2020-04-04,4101804,2,0
2020-04-04,4104808,29,1
2020-04-04,4106902,153,0
2020-04-04,4108304,24,0
2020-04-04,4113700,37,1
2020-04-04,4115200,19,2
2020-04-04,4118204,4,0
2020-04-04,4125506,7,0
2020-04-03,4101804,2,0
2020-04-03,4104808,15,1
2020-04-03,4106902,114,0
2020-04-03,4108304,22,0
2020-04-03,4113700,30,1
2020-04-03,4115200,15,2
2020-04-03,4118204,2,0
2020-04-03,4125506,6,0
2020-04-02,4101804,1,0
2020-04-02,4104808,13,1
2020-04-02,4106902,99,0
2020-04-02,4108304,12,0
2020-04-02,4113700,27,0
2020-04-02,4115200,13,2
2020-04-02,4118204,1,0
2020-04-02,4125506,4,0
2020-04-01,4101804,1,0
2020-04-01,4104808,10,1
2020-04-01,4106902,97,0
2020-04-01,4108304,12,0
2020-04-01,4113700,26,0
2020-04-01,4115200,10,2
2020-04-01,4118204,0,0
2020-04-01,4125506,4,0
2020-03-31,4101804,0,0
2020-03-31,4104808,10,1
2020-03-31,4106902,87,0
2020-03-31,4108304,10,0
2020-03-31,4113700,9,0
2020-03-31,4115200,9,2
2020-03-31,4118204,0,0
2020-03-31,4125506,3,0
2020-03-30,4101804,0,0
2020-03-30,4104808,8,1
2020-03-30,4106902,77,0
2020-03-30,4108304,10,0
2020-03-30,4113700,7,0
2020-03-30,4115200,8,2
2020-03-30,4118204,0,0
2020-03-30,4125506,1,0
2020-03-29,4101804,0,0
2020-03-29,4104808,8,0
2020-03-29,4106902,73,0
2020-03-29,4108304,10,0
2020-03-29,4113700,7,0
2020-03-29,4115200,8,2
2020-03-29,4118204,0,0
2020-03-29,4125506,1,0
2020-03-28,4101804,0,0
2020-03-28,4104808,7,0
2020-03-28,4106902,74,0
2020-03-28,4108304,7,0
2020-03-28,4113700,5,0
2020-03-28,4115200,7,2
2020-03-28,4118204,0,0
2020-03-28,4125506,0,0
2020-03-27,4101804,0,0
2020-03-27,4104808,5,0
2020-03-27,4106902,71,0
2020-03-27,4108304,5,0
2020-03-27,4113700,3,0
2020-03-27,4115200,7,2
2020-03-27,4118204,0,0
2020-03-27,4125506,0,0
2020-03-26,4101804,0,0
2020-03-26,4104808,2,0
2020-03-26,4106902,66,0
2020-03-26,4108304,5,0
2020-03-26,4113700,3,0
2020-03-26,4115200,3,0
2020-03-26,4118204,0,0
2020-03-26,4125506,0,0
2020-03-25,4101804,0,0
2020-03-25,4104808,2,0
2020-03-25,4106902,60,0
2020-03-25,4108304,5,0
2020-03-25,4113700,3,0
2020-03-25,4115200,2,0
2020-03-25,4118204,0,0
2020-03-25,4125506,0,0
2020-03-24,4101804,0,0
2020-03-24,4104808,2,0
2020-03-24,4106902,40,0
2020-03-24,4108304,4,0
2020-03-24,4113700,3,0
2020-03-24,4115200,1,0
2020-03-24,4118204,0,0
2020-03-24,4125506,0,0
2020-03-23,4101804,0,0
2020-03-23,4104808,1,0
2020-03-23,4106902,34,0
2020-03-23,4108304,4,0
2020-03-23,4113700,3,0
2020-03-23,4115200,1,0
2020-03-23,4118204,0,0
2020-03-23,4125506,0,0
2020-03-22,4101804,0,0
2020-03-22,4104808,0,0
2020-03-22,4106902,31,0
2020-03-22,4108304,4,0
2020-03-22,4113700,3,0
2020-03-22,4115200,1,0
2020-03-22,4118204,0,0
2020-03-22,4125506,0,0
2020-03-21,4101804,0,0
2020-03-21,4104808,0,0
2020-03-21,4106902,31,0
2020-03-21,4108304,1,0
2020-03-21,4113700,3,0
2020-03-21,4115200,1,0
2020-03-21,4118204,0,0
2020-03-21,4125506,0,0
2020-03-20,4101804,0,0
2020-03-20,4104808,0,0
2020-03-20,4106902,27,0
2020-03-20,4108304,1,0
2020-03-20,4113700,3,0
2020-03-20,4115200,1,0
2020-03-20,4118204,0,0
2020-03-20,4125506,0,0
2020-03-19,4101804,0,0
2020-03-19,4104808,0,0
2020-03-19,4106902,17,0
2020-03-19,4108304,1,0
2020-03-19,4113700,1,0
2020-03-19,4115200,1,0
2020-03-19,4118204,0,0
2020-03-19,4125506,0,0
2020-03-18,4101804,0,0
2020-03-18,4104808,0,0
2020-03-18,4106902,8,0
2020-03-18,4108304,1,0
2020-03-18,4113700,1,0
2020-03-18,4115200,1,0
2020-03-18,4118204,0,0
2020-03-18,4125506,0,0
2020-03-17,4101804,0,0
2020-03-17,4104808,0,0
2020-03-17,4106902,7,0
2020-03-17,4108304,0,0
2020-03-17,4113700,1,0
2020-03-17,4115200,0,0
2020-03-17,4118204,0,0
2020-03-17,4125506,0,0
2020-03-16,4101804,0,0
2020-03-16,4104808,0,0
2020-03-16,4106902,5,0
2020-03-16,4108304,0,0
2020-03-16,4113700,0,0
2020-03-16,4115200,0,0
2020-03-16,4118204,0,0
2020-03-16,4125506,0,0
2020-03-15,4101804,0,0
2020-03-15,4104808,0,0
2020-03-15,4106902,5,0
2020-03-15,4108304,0,0
2020-03-15,4113700,0,0
2020-03-15,4115200,0,0
2020-03-15,4118204,0,0
2020-03-15,4125506,0,0
2020-03-14,4101804,0,0
2020-03-14,4104808,0,0
2020-03-14,4106902,5,0
2020-03-14,4108304,0,0
2020-03-14,4113700,0,0
2020-03-14,4115200,0,0
2020-03-14,4118204,0,0
2020-03-14,4125506,0,0
2020-03-13,4101804,0,0
2020-03-13,4104808,0,0
2020-03-13,4106902,5,0
2020-03-13,4108304,0,0
2020-03-13,4113700,0,0
2020-03-13,4115200,0,0
2020-03-13,4118204,0,0
2020-03-13,4125506,0,0
2020-03-12,4101804,0,0
2020-03-12,4104808,0,0
2020-03-12,4106902,5,0
2020-03-12,4108304,0,0
2020-03-12,4113700,0,0
2020-03-12,4115200,0,0
2020-03-12,4118204,0,0
2020-03-12,4125506,0,0
