date,state,confirmed,deaths,confirmed_per_100k_inhabitants
2020-02-25,SP,1,0,0
2020-02-26,SP,1,0,0
2020-02-27,SP,1,0,0
2020-02-28,SP,2,0,0
2020-02-29,SP,2,0,0
2020-03-01,SP,2,0,0
2020-03-02,SP,2,0,0
2020-03-03,SP,2,0,0
2020-03-04,SP,3,0,0
2020-03-05,ES,1,0,0
2020-03-05,RJ,1,0,0
2020-03-05,SP,6,0,0
2020-03-06,BA,1,0,0
2020-03-06,ES,1,0,0
2020-03-06,RJ,2,0,0
2020-03-06,SP,10,0,0
2020-03-07,BA,2,0,0
2020-03-07,DF,1,0,0
2020-03-07,ES,1,0,0
2020-03-07,RJ,2,0,0
2020-03-07,SP,13,0,0
2020-03-08,AL,1,0,0
2020-03-08,BA,2,0,0
2020-03-08,DF,1,0,0
2020-03-08,ES,1,0,0
2020-03-08,MG,1,0,0
2020-03-08,RJ,3,0,0
2020-03-08,SP,16,0,0
2020-03-09,AL,1,0,0
2020-03-09,BA,2,0,0
2020-03-09,DF,1,0,0
2020-03-09,ES,1,0,0
2020-03-09,MG,1,0,0
2020-03-09,RJ,3,0,0
2020-03-09,SP,16,0,0
2020-03-10,AL,1,0,0
2020-03-10,BA,2,0,0
2020-03-10,DF,1,0,0
2020-03-10,ES,1,0,0
2020-03-10,MG,1,0,0
2020-03-10,RJ,3,0,0
2020-03-10,RS,1,0,0
2020-03-10,SP,19,0,0
2020-03-11,AL,1,0,0
2020-03-11,BA,3,0,0
2020-03-11,DF,2,0,0
2020-03-11,ES,1,0,0
2020-03-11,MG,1,0,0
2020-03-11,RJ,3,0,0
2020-03-11,RS,2,0,0
2020-03-11,SP,30,0,0
2020-03-12,AL,1,0,0
2020-03-12,BA,3,0,0
2020-03-12,DF,2,0,0
2020-03-12,ES,2,0,0
2020-03-12,GO,3,0,0
2020-03-12,MG,2,0,0
2020-03-12,PB,0,0,
2020-03-12,PE,2,0,0
2020-03-12,PR,6,0,0
2020-03-12,RJ,15,0,0
2020-03-12,RN,1,0,0
2020-03-12,RS,4,0,0
2020-03-12,SC,2,0,0
2020-03-12,SP,46,0,0
2020-03-13,AL,1,0,0
2020-03-13,AM,2,0,0
2020-03-13,BA,7,0,0
2020-03-13,DF,2,0,0
2020-03-13,ES,2,0,0
2020-03-13,GO,3,0,0
2020-03-13,MG,2,0,0
2020-03-13,PB,0,0,
2020-03-13,PE,2,0,0
2020-03-13,PR,6,0,0
2020-03-13,RJ,15,0,0
2020-03-13,RN,1,0,0
2020-03-13,RS,4,0,0
2020-03-13,SC,3,0,0
2020-03-13,SP,46,0,0
2020-03-14,AL,1,0,0
2020-03-14,AM,2,0,0
2020-03-14,BA,7,0,0
2020-03-14,DF,8,0,0
2020-03-14,ES,4,0,0
2020-03-14,GO,4,0,0
2020-03-14,MG,4,0,0
2020-03-14,MS,2,0,0
2020-03-14,PB,0,0,
2020-03-14,PE,7,0,0
2020-03-14,PR,6,0,0
2020-03-14,RJ,15,0,0
2020-03-14,RN,1,0,0
2020-03-14,RS,4,0,0
2020-03-14,SC,5,0,0
2020-03-14,SE,1,0,0
2020-03-14,SP,65,0,0
2020-03-15,AL,1,0,0
2020-03-15,AM,2,0,0
2020-03-15,BA,9,0,0
2020-03-15,DF,14,0,0
2020-03-15,ES,4,0,0
2020-03-15,GO,4,0,0
2020-03-15,MG,4,0,0
2020-03-15,MS,2,0,0
2020-03-15,PB,0,0,
2020-03-15,PE,8,0,0
2020-03-15,PR,6,0,0
2020-03-15,RJ,24,0,0
2020-03-15,RN,1,0,0
2020-03-15,RS,4,0,0
2020-03-15,SC,6,0,0
2020-03-15,SE,1,0,0
2020-03-15,SP,65,0,0
2020-03-16,AL,1,0,0
2020-03-16,AM,2,0,0
2020-03-16,BA,10,0,0
2020-03-16,CE,9,0,0
2020-03-16,DF,19,0,1
2020-03-16,ES,8,0,0
2020-03-16,GO,9,0,0
2020-03-16,MG,6,0,0
2020-03-16,MS,4,0,0
2020-03-16,PB,0,0,
2020-03-16,PE,8,0,0
2020-03-16,PR,6,0,0
2020-03-16,RJ,25,0,0
2020-03-16,RN,1,0,0
2020-03-16,RS,8,0,0
2020-03-16,SC,7,0,0
2020-03-16,SE,5,0,0
2020-03-16,SP,152,0,0
2020-03-17,AC,3,0,0
2020-03-17,AL,1,0,0
2020-03-17,AM,2,0,0
2020-03-17,BA,14,0,0
2020-03-17,CE,10,0,0
2020-03-17,DF,19,0,1
2020-03-17,ES,8,0,0
2020-03-17,GO,10,0,0
2020-03-17,MG,14,0,0
2020-03-17,MS,6,0,0
2020-03-17,PB,0,0,
2020-03-17,PE,18,0,0
2020-03-17,PR,12,0,0
2020-03-17,RJ,25,0,0
2020-03-17,RN,1,0,0
2020-03-17,RS,8,0,0
2020-03-17,SC,7,0,0
2020-03-17,SE,5,0,0
2020-03-17,SP,164,1,0
2020-03-18,AC,3,0,0
2020-03-18,AL,1,0,0
2020-03-18,AM,2,0,0
2020-03-18,BA,27,0,0
2020-03-18,CE,19,0,0
2020-03-18,DF,34,0,1
2020-03-18,ES,11,0,0
2020-03-18,GO,12,0,0
2020-03-18,MG,19,0,0
2020-03-18,MS,7,0,0
2020-03-18,PA,1,0,0
2020-03-18,PB,1,0,0
2020-03-18,PE,19,0,0
2020-03-18,PR,14,0,0
2020-03-18,RJ,63,0,0
2020-03-18,RN,1,0,0
2020-03-18,RS,19,0,0
2020-03-18,SC,14,0,0
2020-03-18,SE,6,0,0
2020-03-18,SP,240,3,1
2020-03-18,TO,1,0,0
2020-03-19,AC,4,0,0
2020-03-19,AL,4,0,0
2020-03-19,AM,3,0,0
2020-03-19,BA,31,0,0
2020-03-19,CE,24,0,0
2020-03-19,DF,42,0,1
2020-03-19,ES,13,0,0
2020-03-19,GO,15,0,0
2020-03-19,MG,29,0,0
2020-03-19,MS,9,0,0
2020-03-19,PA,1,0,0
2020-03-19,PB,1,0,0
2020-03-19,PE,28,0,0
2020-03-19,PI,3,0,0
2020-03-19,PR,23,0,0
2020-03-19,RJ,66,2,0
2020-03-19,RN,1,0,0
2020-03-19,RS,31,0,0
2020-03-19,SC,21,0,0
2020-03-19,SE,6,0,0
2020-03-19,SP,286,5,1
2020-03-19,TO,1,0,0
2020-03-20,AC,7,0,1
2020-03-20,AL,6,0,0
2020-03-20,AM,7,0,0
2020-03-20,AP,1,0,0
2020-03-20,BA,34,0,0
2020-03-20,CE,68,0,1
2020-03-20,DF,87,0,3
2020-03-20,ES,16,0,0
2020-03-20,GO,18,0,0
2020-03-20,MA,1,0,0
2020-03-20,MG,38,0,0
2020-03-20,MS,12,0,0
2020-03-20,MT,1,0,0
2020-03-20,PA,2,0,0
2020-03-20,PB,1,0,0
2020-03-20,PE,31,0,0
2020-03-20,PI,4,0,0
2020-03-20,PR,36,0,0
2020-03-20,RJ,66,2,0
2020-03-20,RN,6,0,0
2020-03-20,RO,1,0,0
2020-03-20,RS,43,0,0
2020-03-20,SC,40,0,1
2020-03-20,SE,7,0,0
2020-03-20,SP,396,9,1
2020-03-20,TO,1,0,0
2020-03-21,AC,11,0,1
2020-03-21,AL,7,0,0
2020-03-21,AM,11,0,0
2020-03-21,AP,1,0,0
2020-03-21,BA,41,0,0
2020-03-21,CE,84,0,1
2020-03-21,DF,108,0,4
2020-03-21,ES,26,0,1
2020-03-21,GO,19,0,0
2020-03-21,MA,2,0,0
2020-03-21,MG,55,0,0
2020-03-21,MS,16,0,1
2020-03-21,MT,1,0,0
2020-03-21,PA,2,0,0
2020-03-21,PB,1,0,0
2020-03-21,PE,33,0,0
2020-03-21,PI,4,0,0
2020-03-21,PR,43,0,0
2020-03-21,RJ,119,3,1
2020-03-21,RN,9,0,0
2020-03-21,RO,3,0,0
2020-03-21,RR,2,0,0
2020-03-21,RS,69,0,1
2020-03-21,SC,57,0,1
2020-03-21,SE,10,0,0
2020-03-21,SP,396,15,1
2020-03-21,TO,2,0,0
2020-03-22,AC,11,0,1
2020-03-22,AL,7,0,0
2020-03-22,AM,26,0,1
2020-03-22,AP,1,0,0
2020-03-22,BA,55,0,0
2020-03-22,CE,125,0,1
2020-03-22,DF,117,0,4
2020-03-22,ES,26,0,1
2020-03-22,GO,21,0,0
2020-03-22,MA,2,0,0
2020-03-22,MG,83,0,0
2020-03-22,MS,21,0,1
2020-03-22,MT,2,0,0
2020-03-22,PA,4,0,0
2020-03-22,PB,1,0,0
2020-03-22,PE,37,0,0
2020-03-22,PI,6,0,0
2020-03-22,PR,54,0,0
2020-03-22,RJ,186,3,1
2020-03-22,RN,13,0,0
2020-03-22,RO,3,0,0
2020-03-22,RR,2,0,0
2020-03-22,RS,77,0,1
2020-03-22,SC,68,0,1
2020-03-22,SE,10,0,0
2020-03-22,SP,631,22,1
2020-03-22,TO,5,0,0
2020-03-23,AC,17,0,2
2020-03-23,AL,8,0,0
2020-03-23,AM,32,0,1
2020-03-23,AP,1,0,0
2020-03-23,BA,63,0,0
2020-03-23,CE,164,0,2
2020-03-23,DF,138,0,5
2020-03-23,ES,33,0,1
2020-03-23,GO,23,0,0
2020-03-23,MA,8,0,0
2020-03-23,MG,128,0,1
2020-03-23,MS,21,0,1
2020-03-23,MT,6,0,0
2020-03-23,PA,5,0,0
2020-03-23,PB,2,0,0
2020-03-23,PE,42,0,0
2020-03-23,PI,6,0,0
2020-03-23,PR,60,0,1
2020-03-23,RJ,233,4,1
2020-03-23,RN,13,0,0
2020-03-23,RO,3,0,0
2020-03-23,RR,2,0,0
2020-03-23,RS,96,0,1
2020-03-23,SC,86,0,1
2020-03-23,SE,10,0,0
2020-03-23,SP,745,30,2
2020-03-23,TO,7,0,0
2020-03-24,AC,21,0,2
2020-03-24,AL,10,0,0
2020-03-24,AM,47,1,1
2020-03-24,AP,1,0,0
2020-03-24,BA,79,0,1
2020-03-24,CE,185,0,2
2020-03-24,DF,161,0,5
2020-03-24,ES,40,0,1
2020-03-24,GO,29,0,0
2020-03-24,MA,8,0,0
2020-03-24,MG,130,0,1
2020-03-24,MS,24,0,1
2020-03-24,MT,7,0,0
2020-03-24,PA,5,0,0
2020-03-24,PB,3,0,0
2020-03-24,PE,42,0,0
2020-03-24,PI,8,0,0
2020-03-24,PR,70,0,1
2020-03-24,RJ,305,6,2
2020-03-24,RN,14,0,0
2020-03-24,RO,5,0,0
2020-03-24,RR,8,0,1
2020-03-24,RS,112,0,1
2020-03-24,SC,109,0,2
2020-03-24,SE,15,0,1
2020-03-24,SP,810,40,2
2020-03-24,TO,7,0,0
2020-03-25,AC,23,0,3
2020-03-25,AL,11,0,0
2020-03-25,AM,54,1,1
2020-03-25,AP,2,0,0
2020-03-25,BA,91,0,1
2020-03-25,CE,211,0,2
2020-03-25,DF,195,0,6
2020-03-25,ES,40,0,1
2020-03-25,GO,35,0,0
2020-03-25,MA,8,0,0
2020-03-25,MG,133,0,1
2020-03-25,MS,24,0,1
2020-03-25,MT,9,0,0
2020-03-25,PA,7,0,0
2020-03-25,PB,5,0,0
2020-03-25,PE,46,1,0
2020-03-25,PI,8,0,0
2020-03-25,PR,97,0,1
2020-03-25,RJ,370,8,2
2020-03-25,RN,14,0,0
2020-03-25,RO,5,0,0
2020-03-25,RR,8,0,1
2020-03-25,RS,162,1,1
2020-03-25,SC,122,0,2
2020-03-25,SE,16,0,1
2020-03-25,SP,862,48,2
2020-03-25,TO,7,0,0
2020-03-26,AC,23,0,3
2020-03-26,AL,11,0,0
2020-03-26,AM,67,1,2
2020-03-26,AP,2,0,0
2020-03-26,BA,108,0,1
2020-03-26,CE,237,3,3
2020-03-26,DF,201,0,7
2020-03-26,ES,48,0,1
2020-03-26,GO,38,1,1
2020-03-26,MA,10,0,0
2020-03-26,MG,153,0,1
2020-03-26,MS,25,0,1
2020-03-26,MT,11,0,0
2020-03-26,PA,13,0,0
2020-03-26,PB,6,0,0
2020-03-26,PE,48,3,1
2020-03-26,PI,9,0,0
2020-03-26,PR,106,0,1
2020-03-26,RJ,421,9,2
2020-03-26,RN,19,0,1
2020-03-26,RO,6,0,0
2020-03-26,RR,10,0,2
2020-03-26,RS,190,1,2
2020-03-26,SC,149,1,2
2020-03-26,SE,16,0,1
2020-03-26,SP,1052,58,2
2020-03-26,TO,8,0,1
2020-03-27,AC,25,0,3
2020-03-27,AL,12,0,0
2020-03-27,AM,81,1,2
2020-03-27,AP,3,0,0
2020-03-27,BA,123,0,1
2020-03-27,CE,282,3,3
2020-03-27,DF,241,0,8
2020-03-27,ES,54,0,1
2020-03-27,GO,49,1,1
2020-03-27,MA,13,0,0
2020-03-27,MG,189,0,1
2020-03-27,MS,28,0,1
2020-03-27,MT,11,0,0
2020-03-27,PA,16,0,0
2020-03-27,PB,10,0,0
2020-03-27,PE,57,4,1
2020-03-27,PI,10,1,0
2020-03-27,PR,125,2,1
2020-03-27,RJ,493,10,3
2020-03-27,RN,28,0,1
2020-03-27,RO,6,0,0
2020-03-27,RR,12,0,2
2020-03-27,RS,197,2,2
2020-03-27,SC,163,1,2
2020-03-27,SE,16,0,1
2020-03-27,SP,1223,68,3
2020-03-27,TO,9,0,1
2020-03-28,AC,25,0,3
2020-03-28,AL,14,0,0
2020-03-28,AM,111,1,3
2020-03-28,AP,4,0,0
2020-03-28,BA,127,0,1
2020-03-28,CE,322,4,4
2020-03-28,DF,260,0,9
2020-03-28,ES,61,0,2
2020-03-28,GO,56,1,1
2020-03-28,MA,15,0,0
2020-03-28,MG,205,0,1
2020-03-28,MS,31,0,1
2020-03-28,MT,11,0,0
2020-03-28,PA,18,0,0
2020-03-28,PB,14,0,0
2020-03-28,PE,68,5,1
2020-03-28,PI,11,1,0
2020-03-28,PR,137,2,1
2020-03-28,RJ,558,13,3
2020-03-28,RN,68,1,2
2020-03-28,RO,6,0,0
2020-03-28,RR,16,0,3
2020-03-28,RS,200,2,2
2020-03-28,SC,184,1,3
2020-03-28,SE,16,0,1
2020-03-28,SP,1406,84,3
2020-03-28,TO,9,0,1
2020-03-29,AC,34,0,4
2020-03-29,AL,17,0,1
2020-03-29,AM,140,1,3
2020-03-29,AP,8,0,1
2020-03-29,BA,156,1,1
2020-03-29,CE,359,5,4
2020-03-29,DF,298,1,10
2020-03-29,ES,72,0,2
2020-03-29,GO,56,1,1
2020-03-29,MA,21,1,0
2020-03-29,MG,231,0,1
2020-03-29,MS,36,0,1
2020-03-29,MT,11,0,0
2020-03-29,PA,20,0,0
2020-03-29,PB,14,0,0
2020-03-29,PE,73,5,1
2020-03-29,PI,11,1,0
2020-03-29,PR,152,2,1
2020-03-29,RJ,600,17,3
2020-03-29,RN,68,1,2
2020-03-29,RO,6,0,0
2020-03-29,RR,16,0,3
2020-03-29,RS,230,2,2
2020-03-29,SC,197,1,3
2020-03-29,SE,16,0,1
2020-03-29,SP,1451,98,3
2020-03-29,TO,10,0,1
2020-03-30,AC,41,0,5
2020-03-30,AL,17,0,1
2020-03-30,AM,151,2,4
2020-03-30,AP,8,0,1
2020-03-30,BA,176,2,1
2020-03-30,CE,382,5,4
2020-03-30,DF,312,2,10
2020-03-30,ES,85,0,2
2020-03-30,GO,60,1,1
2020-03-30,MA,30,1,0
2020-03-30,MG,261,1,1
2020-03-30,MS,44,0,2
2020-03-30,MT,18,0,1
2020-03-30,PA,26,0,0
2020-03-30,PB,17,0,0
2020-03-30,PE,77,6,1
2020-03-30,PI,18,4,1
2020-03-30,PR,160,3,1
2020-03-30,RJ,657,18,4
2020-03-30,RN,77,1,2
2020-03-30,RO,8,1,0
2020-03-30,RR,16,0,3
2020-03-30,RS,254,4,2
2020-03-30,SC,219,2,3
2020-03-30,SE,18,0,1
2020-03-30,SP,1517,113,3
2020-03-30,TO,11,0,1
2020-03-31,AC,42,0,5
2020-03-31,AL,18,1,1
2020-03-31,AM,175,3,4
2020-03-31,AP,10,0,1
2020-03-31,BA,217,2,1
2020-03-31,CE,401,7,4
2020-03-31,DF,333,3,11
2020-03-31,ES,97,0,2
2020-03-31,GO,65,1,1
2020-03-31,MA,51,1,1
2020-03-31,MG,275,2,1
2020-03-31,MS,48,1,2
2020-03-31,MT,25,0,1
2020-03-31,PA,34,0,0
2020-03-31,PB,18,1,0
2020-03-31,PE,87,6,1
2020-03-31,PI,18,4,1
2020-03-31,PR,185,3,2
2020-03-31,RJ,708,23,4
2020-03-31,RN,82,1,2
2020-03-31,RO,9,1,1
2020-03-31,RR,16,0,3
2020-03-31,RS,305,4,3
2020-03-31,SC,235,2,3
2020-03-31,SE,19,0,1
2020-03-31,SP,2339,136,5
2020-03-31,TO,12,0,1
2020-04-01,AC,43,0,5
2020-04-01,AL,18,1,1
2020-04-01,AM,200,3,5
2020-04-01,AP,11,0,1
2020-04-01,BA,246,2,2
2020-04-01,CE,445,9,5
2020-04-01,DF,370,4,12
2020-04-01,ES,120,0,3
2020-04-01,GO,73,1,1
2020-04-01,MA,70,1,1
2020-04-01,MG,314,3,1
2020-04-01,MS,51,1,2
2020-04-01,MT,28,0,1
2020-04-01,PA,41,1,0
2020-04-01,PB,21,1,1
2020-04-01,PE,95,8,1
2020-04-01,PI,19,4,1
2020-04-01,PR,229,3,2
2020-04-01,RJ,832,28,5
2020-04-01,RN,92,2,3
2020-04-01,RO,9,1,1
2020-04-01,RR,26,0,4
2020-04-01,RS,316,5,3
2020-04-01,SC,247,2,3
2020-04-01,SE,22,0,1
2020-04-01,SP,2981,164,6
2020-04-01,TO,12,0,1
2020-04-02,AC,45,0,5
2020-04-02,AL,18,1,1
2020-04-02,AM,229,3,6
2020-04-02,AP,12,0,1
2020-04-02,BA,267,3,2
2020-04-02,CE,563,21,6
2020-04-02,DF,400,5,13
2020-04-02,ES,139,2,3
2020-04-02,GO,73,1,1
2020-04-02,MA,80,1,1
2020-04-02,MG,370,4,2
2020-04-02,MS,53,1,2
2020-04-02,MT,41,0,1
2020-04-02,PA,49,1,1
2020-04-02,PB,29,1,1
2020-04-02,PE,106,9,1
2020-04-02,PI,19,4,1
2020-04-02,PR,258,4,2
2020-04-02,RJ,992,41,6
2020-04-02,RN,106,2,3
2020-04-02,RO,10,1,1
2020-04-02,RR,30,0,5
2020-04-02,RS,386,5,3
2020-04-02,SC,281,5,4
2020-04-02,SE,24,2,1
2020-04-02,SP,3506,188,8
2020-04-02,TO,12,0,1
2020-04-03,AC,46,0,5
2020-04-03,AL,23,2,1
2020-04-03,AM,260,7,6
2020-04-03,AP,19,0,2
2020-04-03,BA,290,6,2
2020-04-03,CE,658,22,7
2020-04-03,DF,419,6,14
2020-04-03,ES,153,5,4
2020-04-03,GO,88,2,1
2020-04-03,MA,87,1,1
2020-04-03,MG,397,6,2
2020-04-03,MS,60,1,2
2020-04-03,MT,44,1,1
2020-04-03,PA,75,1,1
2020-04-03,PB,32,1,1
2020-04-03,PE,136,10,1
2020-04-03,PI,22,4,1
2020-04-03,PR,307,5,3
2020-04-03,RJ,1074,47,6
2020-04-03,RN,176,4,5
2020-04-03,RO,10,1,1
2020-04-03,RR,37,1,6
2020-04-03,RS,410,6,4
2020-04-03,SC,301,5,4
2020-04-03,SE,27,2,1
2020-04-03,SP,4048,219,9
2020-04-03,TO,13,0,1
2020-04-04,AC,46,0,5
2020-04-04,AL,23,2,1
2020-04-04,AM,311,12,8
2020-04-04,AP,29,1,3
2020-04-04,BA,336,7,2
2020-04-04,CE,745,23,8
2020-04-04,DF,456,7,15
2020-04-04,ES,166,6,4
2020-04-04,GO,103,2,1
2020-04-04,MA,95,2,1
2020-04-04,MG,430,6,2
2020-04-04,MS,62,1,2
2020-04-04,MT,60,1,2
2020-04-04,PA,82,1,1
2020-04-04,PB,34,3,1
2020-04-04,PE,176,14,2
2020-04-04,PI,24,4,1
2020-04-04,PR,401,7,4
2020-04-04,RJ,1246,58,7
2020-04-04,RN,215,6,6
2020-04-04,RO,11,1,1
2020-04-04,RR,42,1,7
2020-04-04,RS,418,7,4
2020-04-04,SC,356,10,5
2020-04-04,SE,32,3,1
2020-04-04,SP,4466,260,10
2020-04-04,TO,16,0,1
2020-04-05,AC,48,0,5
2020-04-05,AL,28,2,1
2020-04-05,AM,417,15,10
2020-04-05,AP,32,1,4
2020-04-05,BA,401,9,3
2020-04-05,CE,960,35,11
2020-04-05,DF,468,7,16
2020-04-05,ES,194,6,5
2020-04-05,GO,115,3,2
2020-04-05,MA,132,2,2
2020-04-05,MG,498,6,2
2020-04-05,MS,65,1,2
2020-04-05,MT,60,1,2
2020-04-05,PA,86,1,1
2020-04-05,PB,35,4,1
2020-04-05,PE,201,21,2
2020-04-05,PI,24,4,1
2020-04-05,PR,445,10,4
2020-04-05,RJ,1394,64,8
2020-04-05,RN,246,7,7
2020-04-05,RO,14,1,1
2020-04-05,RR,42,1,7
2020-04-05,RS,468,7,4
2020-04-05,SC,379,10,5
2020-04-05,SE,32,3,1
2020-04-05,SP,4620,275,10
2020-04-05,TO,17,0,1
2020-04-06,AC,50,1,6
2020-04-06,AL,31,2,1
2020-04-06,AM,532,19,13
2020-04-06,AP,39,2,5
2020-04-06,BA,437,10,3
2020-04-06,CE,1045,35,11
2020-04-06,DF,485,10,16
2020-04-06,ES,209,6,5
2020-04-06,GO,119,5,2
2020-04-06,MA,171,4,2
2020-04-06,MG,525,9,2
2020-04-06,MS,66,1,2
2020-04-06,MT,76,1,2
2020-04-06,PA,123,5,1
2020-04-06,PB,36,4,1
2020-04-06,PE,223,30,2
2020-04-06,PI,26,4,1
2020-04-06,PR,466,14,4
2020-04-06,RJ,1461,71,8
2020-04-06,RN,246,7,7
2020-04-06,RO,18,1,1
2020-04-06,RR,42,1,7
2020-04-06,RS,501,8,4
2020-04-06,SC,417,11,6
2020-04-06,SE,32,4,1
2020-04-06,SP,4866,304,11
2020-04-06,TO,19,0,1
2020-04-07,AC,50,2,6
2020-04-07,AL,34,2,1
2020-04-07,AM,636,23,15
2020-04-07,AP,51,2,6
2020-04-07,BA,462,14,3
2020-04-07,CE,1188,40,13
2020-04-07,DF,503,12,17
2020-04-07,ES,227,6,6
2020-04-07,GO,133,5,2
2020-04-07,MA,229,11,3
2020-04-07,MG,559,11,3
2020-04-07,MS,80,2,3
2020-04-07,MT,78,1,2
2020-04-07,PA,154,5,2
2020-04-07,PB,41,4,1
2020-04-07,PE,352,34,4
2020-04-07,PI,31,5,1
2020-04-07,PR,511,15,4
2020-04-07,RJ,1688,89,10
2020-04-07,RN,254,8,7
2020-04-07,RO,23,1,1
2020-04-07,RR,49,1,8
2020-04-07,RS,555,8,5
2020-04-07,SC,457,15,6
2020-04-07,SE,36,4,2
2020-04-07,SP,5682,371,12
2020-04-07,TO,19,0,1
2020-04-08,AC,58,2,7
2020-04-08,AL,37,3,1
2020-04-08,AM,804,30,19
2020-04-08,AP,107,2,13
2020-04-08,BA,515,18,3
2020-04-08,CE,1394,57,15
2020-04-08,DF,509,12,17
2020-04-08,ES,273,6,7
2020-04-08,GO,159,7,2
2020-04-08,MA,272,12,4
2020-04-08,MG,614,14,3
2020-04-08,MS,85,2,3
2020-04-08,MT,90,1,3
2020-04-08,PA,165,6,2
2020-04-08,PB,55,7,1
2020-04-08,PE,401,46,4
2020-04-08,PI,38,6,1
2020-04-08,PR,550,17,5
2020-04-08,RJ,1938,106,11
2020-04-08,RN,261,11,7
2020-04-08,RO,26,1,1
2020-04-08,RR,52,1,9
2020-04-08,RS,581,10,5
2020-04-08,SC,501,17,7
2020-04-08,SE,39,4,2
2020-04-08,SP,6708,428,15
2020-04-08,TO,23,0,1
2020-04-09,AC,62,2,7
2020-04-09,AL,37,3,1
2020-04-09,AM,899,40,22
2020-04-09,AP,110,2,13
2020-04-09,BA,568,19,4
2020-04-09,CE,1445,57,16
2020-04-09,DF,527,13,17
2020-04-09,ES,300,7,7
2020-04-09,GO,179,7,3
2020-04-09,MA,293,16,4
2020-04-09,MG,655,15,3
2020-04-09,MS,89,2,3
2020-04-09,MT,108,2,3
2020-04-09,PA,169,7,2
2020-04-09,PB,79,11,2
2020-04-09,PE,555,56,6
2020-04-09,PI,40,7,1
2020-04-09,PR,621,24,5
2020-04-09,RJ,2216,122,13
2020-04-09,RN,261,11,7
2020-04-09,RO,28,2,2
2020-04-09,RR,63,2,10
2020-04-09,RS,636,14,6
2020-04-09,SC,693,18,10
2020-04-09,SE,40,4,2
2020-04-09,SP,7480,496,16
2020-04-09,TO,23,0,1
2020-04-10,AC,70,2,8
2020-04-10,AL,45,3,1
2020-04-10,AM,981,50,24
2020-04-10,AP,166,2,20
2020-04-10,BA,616,19,4
2020-04-10,CE,1558,67,17
2020-04-10,DF,556,14,18
2020-04-10,ES,349,8,9
2020-04-10,GO,191,8,3
2020-04-10,MA,344,21,5
2020-04-10,MG,698,17,3
2020-04-10,MS,97,2,3
2020-04-10,MT,112,2,3
2020-04-10,PA,217,9,3
2020-04-10,PB,85,11,2
2020-04-10,PE,684,65,7
2020-04-10,PI,41,7,1
2020-04-10,PR,655,26,6
2020-04-10,RJ,2464,147,14
2020-04-10,RN,263,11,7
2020-04-10,RO,32,2,2
2020-04-10,RR,75,3,12
2020-04-10,RS,640,15,6
2020-04-10,SC,717,18,10
2020-04-10,SE,42,4,2
2020-04-10,SP,8216,540,18
2020-04-10,TO,23,0,1
2020-04-11,AC,72,2,8
2020-04-11,AL,48,3,1
2020-04-11,AM,1049,53,25
2020-04-11,AP,193,5,23
2020-04-11,BA,640,21,4
2020-04-11,CE,1668,74,18
2020-04-11,DF,592,14,20
2020-04-11,ES,383,9,10
2020-04-11,GO,209,10,3
2020-04-11,MA,398,24,6
2020-04-11,MG,750,17,4
2020-04-11,MS,100,2,4
2020-04-11,MT,121,3,3
2020-04-11,PA,237,11,3
2020-04-11,PB,101,13,3
2020-04-11,PE,816,72,9
2020-04-11,PI,44,7,1
2020-04-11,PR,688,27,6
2020-04-11,RJ,2607,155,15
2020-04-11,RN,289,13,8
2020-04-11,RO,34,2,2
2020-04-11,RR,79,3,13
2020-04-11,RS,653,16,6
2020-04-11,SC,732,21,10
2020-04-11,SE,44,4,2
2020-04-11,SP,8419,560,18
2020-04-11,TO,25,0,2
2020-04-12,AC,77,2,9
2020-04-12,AL,48,3,1
2020-04-12,AM,1206,62,29
2020-04-12,AP,237,5,28
2020-04-12,BA,674,21,5
2020-04-12,CE,1747,76,19
2020-04-12,DF,618,14,20
2020-04-12,ES,430,14,11
2020-04-12,GO,229,14,3
2020-04-12,MA,445,27,6
2020-04-12,MG,806,20,4
2020-04-12,MS,101,2,4
2020-04-12,MT,123,3,4
2020-04-12,PA,259,14,3
2020-04-12,PB,111,13,3
2020-04-12,PE,960,85,10
2020-04-12,PI,51,7,2
2020-04-12,PR,750,31,7
2020-04-12,RJ,2855,170,17
2020-04-12,RN,339,17,10
2020-04-12,RO,42,2,2
2020-04-12,RR,83,3,14
2020-04-12,RS,664,16,6
2020-04-12,SC,776,24,11
2020-04-12,SE,44,4,2
2020-04-12,SP,8755,588,19
2020-04-12,TO,26,0,2
2020-04-13,AC,90,3,10
2020-04-13,AL,58,4,2
2020-04-13,AM,1275,71,31
2020-04-13,AP,244,6,29
2020-04-13,BA,723,22,5
2020-04-13,CE,1935,101,21
2020-04-13,DF,641,15,21
2020-04-13,ES,463,17,12
2020-04-13,GO,233,15,3
2020-04-13,MA,478,32,7
2020-04-13,MG,815,23,4
2020-04-13,MS,113,4,4
2020-04-13,MT,134,4,4
2020-04-13,PA,310,14,4
2020-04-13,PB,136,16,3
2020-04-13,PE,1154,102,12
2020-04-13,PI,58,8,2
2020-04-13,PR,768,33,7
2020-04-13,RJ,3221,182,19
2020-04-13,RN,376,18,11
2020-04-13,RO,42,2,2
2020-04-13,RR,113,3,19
2020-04-13,RS,685,17,6
2020-04-13,SC,826,26,12
2020-04-13,SE,45,4,2
2020-04-13,SP,8895,608,19
2020-04-13,TO,26,0,2
2020-04-14,AC,99,3,11
2020-04-14,AL,72,4,2
2020-04-14,AM,1484,90,36
2020-04-14,AP,308,7,36
2020-04-14,BA,776,26,5
2020-04-14,CE,2070,111,23
2020-04-14,DF,651,17,22
2020-04-14,ES,557,18,14
2020-04-14,GO,284,15,4
2020-04-14,MA,630,34,9
2020-04-14,MG,884,27,4
2020-04-14,MS,115,4,4
2020-04-14,MT,138,4,4
2020-04-14,PA,384,21,4
2020-04-14,PB,152,21,4
2020-04-14,PE,1284,115,13
2020-04-14,PI,75,8,2
2020-04-14,PR,803,39,7
2020-04-14,RJ,3410,224,20
2020-04-14,RN,399,19,11
2020-04-14,RO,69,2,4
2020-04-14,RR,114,3,19
2020-04-14,RS,720,18,6
2020-04-14,SC,853,28,12
2020-04-14,SE,46,4,2
2020-04-14,SP,9371,695,20
2020-04-14,TO,27,0,2
2020-04-15,AC,101,4,11
2020-04-15,AL,83,5,2
2020-04-15,AM,1554,106,37
2020-04-15,AP,342,7,40
2020-04-15,BA,884,28,6
2020-04-15,CE,2291,124,25
2020-04-15,DF,688,17,23
2020-04-15,ES,734,21,18
2020-04-15,GO,304,15,4
2020-04-15,MA,695,37,10
2020-04-15,MG,903,30,4
2020-04-15,MS,121,4,4
2020-04-15,MT,151,4,4
2020-04-15,PA,487,21,6
2020-04-15,PB,165,24,4
2020-04-15,PE,1484,143,16
2020-04-15,PI,91,8,3
2020-04-15,PR,816,41,7
2020-04-15,RJ,3743,265,22
2020-04-15,RN,400,20,11
2020-04-15,RO,73,2,4
2020-04-15,RR,142,3,23
2020-04-15,RS,762,19,7
2020-04-15,SC,884,29,12
2020-04-15,SE,48,4,2
2020-04-15,SP,11043,778,24
2020-04-15,TO,29,1,2
2020-04-16,AC,115,5,13
2020-04-16,AL,89,5,3
2020-04-16,AM,1719,124,41
2020-04-16,AP,362,10,43
2020-04-16,BA,967,34,7
2020-04-16,CE,2412,135,26
2020-04-16,DF,727,20,24
2020-04-16,ES,935,28,23
2020-04-16,GO,318,16,5
2020-04-16,MA,797,40,11
2020-04-16,MG,958,33,5
2020-04-16,MS,131,5,5
2020-04-16,MT,156,5,4
2020-04-16,PA,557,26,6
2020-04-16,PB,195,26,5
2020-04-16,PE,1683,160,18
2020-04-16,PI,102,8,3
2020-04-16,PR,845,43,7
2020-04-16,RJ,3944,301,23
2020-04-16,RN,463,23,13
2020-04-16,RO,92,3,5
2020-04-16,RR,164,3,27
2020-04-16,RS,792,21,7
2020-04-16,SC,926,30,13
2020-04-16,SE,53,4,2
2020-04-16,SP,11568,853,25
2020-04-16,TO,31,1,2
2020-04-17,AC,135,5,15
2020-04-17,AL,110,7,3
2020-04-17,AM,1809,145,44
2020-04-17,AP,375,10,44
2020-04-17,BA,1064,36,7
2020-04-17,CE,2747,155,30
2020-04-17,DF,756,24,25
2020-04-17,ES,952,28,24
2020-04-17,GO,335,16,5
2020-04-17,MA,1040,44,15
2020-04-17,MG,1021,35,5
2020-04-17,MS,143,5,5
2020-04-17,MT,162,5,5
2020-04-17,PA,627,32,7
2020-04-17,PB,205,28,5
2020-04-17,PE,2006,186,21
2020-04-17,PI,123,9,4
2020-04-17,PR,887,44,8
2020-04-17,RJ,4349,341,25
2020-04-17,RN,516,24,15
2020-04-17,RO,110,3,6
2020-04-17,RR,201,3,33
2020-04-17,RS,831,24,7
2020-04-17,SC,962,31,13
2020-04-17,SE,58,4,3
2020-04-17,SP,12841,928,28
2020-04-17,TO,32,1,2
2020-04-18,AC,142,6,16
2020-04-18,AL,132,10,4
2020-04-18,AM,1897,161,46
2020-04-18,AP,400,10,47
2020-04-18,BA,1200,40,8
2020-04-18,CE,3062,180,34
2020-04-18,DF,796,24,26
2020-04-18,ES,1099,30,27
2020-04-18,GO,378,18,5
2020-04-18,MA,1205,48,17
2020-04-18,MG,1077,39,5
2020-04-18,MS,161,5,6
2020-04-18,MT,171,5,5
2020-04-18,PA,641,33,7
2020-04-18,PB,236,29,6
2020-04-18,PE,2193,205,23
2020-04-18,PI,144,10,4
2020-04-18,PR,960,49,8
2020-04-18,RJ,4543,387,26
2020-04-18,RN,561,26,16
2020-04-18,RO,128,4,7
2020-04-18,RR,222,3,37
2020-04-18,RS,854,24,8
2020-04-18,SC,975,32,14
2020-04-18,SE,71,5,3
2020-04-18,SP,13894,991,30
2020-04-18,TO,33,1,2
2020-04-19,AC,163,6,18
2020-04-19,AL,159,15,5
2020-04-19,AM,2044,182,49
2020-04-19,AP,416,11,49
2020-04-19,BA,1249,45,8
2020-04-19,CE,3306,189,36
2020-04-19,DF,860,24,29
2020-04-19,ES,1195,34,30
2020-04-19,GO,393,18,6
2020-04-19,MA,1320,54,19
2020-04-19,MG,1154,39,5
2020-04-19,MS,168,5,6
2020-04-19,MT,174,5,5
2020-04-19,PA,685,34,8
2020-04-19,PB,245,32,6
2020-04-19,PE,2459,216,26
2020-04-19,PI,158,12,5
2020-04-19,PR,1002,52,9
2020-04-19,RJ,4675,402,27
2020-04-19,RN,595,27,17
2020-04-19,RO,160,4,9
2020-04-19,RR,244,3,40
2020-04-19,RS,869,26,8
2020-04-19,SC,1025,35,14
2020-04-19,SE,86,5,4
2020-04-19,SP,14267,1015,31
2020-04-19,TO,34,1,2
2020-04-20,AC,176,8,20
2020-04-20,AL,171,18,5
2020-04-20,AM,2160,185,52
2020-04-20,AP,435,13,51
2020-04-20,BA,1377,47,9
2020-04-20,CE,3485,206,38
2020-04-20,DF,875,24,29
2020-04-20,ES,1212,34,30
2020-04-20,GO,403,19,6
2020-04-20,MA,1396,60,20
2020-04-20,MG,1189,41,6
2020-04-20,MS,171,5,6
2020-04-20,MT,181,6,5
2020-04-20,PA,902,35,10
2020-04-20,PB,263,33,7
2020-04-20,PE,2690,234,28
2020-04-20,PI,186,14,6
2020-04-20,PR,1022,53,9
2020-04-20,RJ,4899,422,28
2020-04-20,RN,608,28,17
2020-04-20,RO,199,4,11
2020-04-20,RR,247,3,41
2020-04-20,RS,904,27,8
2020-04-20,SC,1063,35,15
2020-04-20,SE,92,5,4
2020-04-20,SP,14580,1037,32
2020-04-20,TO,35,2,2
2020-04-21,AC,195,8,22
2020-04-21,AL,210,19,6
2020-04-21,AM,2270,193,55
2020-04-21,AP,466,13,55
2020-04-21,BA,1504,48,10
2020-04-21,CE,3682,221,40
2020-04-21,DF,913,24,30
2020-04-21,ES,1313,34,33
2020-04-21,GO,421,19,6
2020-04-21,MA,1604,66,23
2020-04-21,MG,1230,44,6
2020-04-21,MS,173,6,6
2020-04-21,MT,181,6,5
2020-04-21,PA,1026,38,12
2020-04-21,PB,301,39,7
2020-04-21,PE,2908,260,30
2020-04-21,PI,206,15,6
2020-04-21,PR,1039,55,9
2020-04-21,RJ,5306,461,31
2020-04-21,RN,646,29,18
2020-04-21,RO,223,5,13
2020-04-21,RR,280,3,46
2020-04-21,RS,918,27,8
2020-04-21,SC,1091,37,15
2020-04-21,SE,117,7,5
2020-04-21,SP,15385,1093,34
2020-04-21,TO,36,2,2
2020-04-22,AC,214,8,24
2020-04-22,AL,243,20,7
2020-04-22,AM,2479,206,60
2020-04-22,AP,492,14,58
2020-04-22,BA,1645,53,11
2020-04-22,CE,4116,239,45
2020-04-22,DF,959,25,32
2020-04-22,ES,1351,37,34
2020-04-22,GO,438,21,6
2020-04-22,MA,1757,76,25
2020-04-22,MG,1283,47,6
2020-04-22,MS,175,6,6
2020-04-22,MT,205,6,6
2020-04-22,PA,1195,43,14
2020-04-22,PB,345,40,9
2020-04-22,PE,3298,282,35
2020-04-22,PI,217,15,7
2020-04-22,PR,1077,60,9
2020-04-22,RJ,5552,490,32
2020-04-22,RN,708,34,20
2020-04-22,RO,223,5,13
2020-04-22,RR,297,3,49
2020-04-22,RS,970,28,9
2020-04-22,SC,1115,39,16
2020-04-22,SE,118,7,5
2020-04-22,SP,15914,1134,35
2020-04-22,TO,37,2,2
2020-04-23,AC,227,10,26
2020-04-23,AL,324,22,10
2020-04-23,AM,2888,234,70
2020-04-23,AP,555,16,66
2020-04-23,BA,1845,62,12
2020-04-23,CE,4702,271,51
2020-04-23,DF,968,26,32
2020-04-23,ES,1453,43,36
2020-04-23,GO,453,23,6
2020-04-23,MA,1951,88,28
2020-04-23,MG,1308,51,6
2020-04-23,MS,186,7,7
2020-04-23,MT,220,7,6
2020-04-23,PA,1267,53,15
2020-04-23,PB,386,44,10
2020-04-23,PE,3604,312,38
2020-04-23,PI,256,16,8
2020-04-23,PR,1096,62,10
2020-04-23,RJ,6172,530,36
2020-04-23,RN,754,38,22
2020-04-23,RO,250,5,14
2020-04-23,RR,304,3,50
2020-04-23,RS,1039,29,9
2020-04-23,SC,1170,42,16
2020-04-23,SE,135,8,6
2020-04-23,SP,16740,1345,36
2020-04-23,TO,43,2,3
2020-04-24,AC,234,11,27
2020-04-24,AL,413,27,12
2020-04-24,AM,3194,255,77
2020-04-24,AP,648,18,77
2020-04-24,BA,1979,67,13
2020-04-24,CE,5121,293,56
2020-04-24,DF,1012,26,34
2020-04-24,ES,1665,47,41
2020-04-24,GO,486,24,7
2020-04-24,MA,2105,100,30
2020-04-24,MG,1419,54,7
2020-04-24,MS,213,7,8
2020-04-24,MT,241,8,7
2020-04-24,PA,1579,86,18
2020-04-24,PB,447,46,11
2020-04-24,PE,3999,352,42
2020-04-24,PI,297,17,9
2020-04-24,PR,1133,67,10
2020-04-24,RJ,6282,570,36
2020-04-24,RN,781,40,22
2020-04-24,RO,290,6,16
2020-04-24,RR,345,3,57
2020-04-24,RS,1096,34,10
2020-04-24,SC,1209,42,17
2020-04-24,SE,145,8,6
2020-04-24,SP,17826,1512,39
2020-04-24,TO,50,2,3
2020-04-25,AC,258,11,29
2020-04-25,AL,501,29,15
2020-04-25,AM,3635,287,88
2020-04-25,AP,689,20,81
2020-04-25,BA,2116,72,14
2020-04-25,CE,5667,326,62
2020-04-25,DF,1020,27,34
2020-04-25,ES,1711,52,43
2020-04-25,GO,506,25,7
2020-04-25,MA,2223,112,31
2020-04-25,MG,1481,58,7
2020-04-25,MS,217,7,8
2020-04-25,MT,246,9,7
2020-04-25,PA,1745,95,20
2020-04-25,PB,499,49,12
2020-04-25,PE,4507,381,47
2020-04-25,PI,331,18,10
2020-04-25,PR,1155,71,10
2020-04-25,RJ,6828,615,40
2020-04-25,RN,825,44,24
2020-04-25,RO,328,7,18
2020-04-25,RR,401,4,66
2020-04-25,RS,1166,35,10
2020-04-25,SC,1235,42,17
2020-04-25,SE,154,9,7
2020-04-25,SP,20004,1667,44
2020-04-25,TO,58,2,4
2020-04-26,AC,279,11,32
2020-04-26,AL,560,32,17
2020-04-26,AM,3833,304,92
2020-04-26,AP,821,23,97
2020-04-26,BA,2248,74,15
2020-04-26,CE,6260,376,69
2020-04-26,DF,1125,27,37
2020-04-26,ES,1819,57,45
2020-04-26,GO,573,25,8
2020-04-26,MA,2410,125,34
2020-04-26,MG,1548,61,7
2020-04-26,MS,234,7,8
2020-04-26,MT,249,9,7
2020-04-26,PA,2070,114,24
2020-04-26,PB,543,50,14
2020-04-26,PE,4898,415,51
2020-04-26,PI,364,20,11
2020-04-26,PR,1171,75,10
2020-04-26,RJ,7111,645,41
2020-04-26,RN,832,45,24
2020-04-26,RO,364,10,20
2020-04-26,RR,407,4,67
2020-04-26,RS,1208,38,11
2020-04-26,SC,1337,43,19
2020-04-26,SE,175,9,8
2020-04-26,SP,20715,1700,45
2020-04-26,TO,67,2,4
2020-04-27,AC,301,14,34
2020-04-27,AL,643,34,19
2020-04-27,AM,3928,320,95
2020-04-27,AP,842,26,100
2020-04-27,BA,2356,83,16
2020-04-27,CE,6783,397,74
2020-04-27,DF,1189,28,39
2020-04-27,ES,1944,63,48
2020-04-27,GO,616,26,9
2020-04-27,MA,2528,145,36
2020-04-27,MG,1586,62,7
2020-04-27,MS,238,9,9
2020-04-27,MT,256,10,7
2020-04-27,PA,2219,122,26
2020-04-27,PB,633,53,16
2020-04-27,PE,5358,450,56
2020-04-27,PI,408,21,12
2020-04-27,PR,1201,77,11
2020-04-27,RJ,7944,677,46
2020-04-27,RN,857,48,24
2020-04-27,RO,393,10,22
2020-04-27,RR,425,4,70
2020-04-27,RS,1256,45,11
2020-04-27,SC,1476,44,21
2020-04-27,SE,211,11,9
2020-04-27,SP,21696,1825,47
2020-04-27,TO,79,2,5
2020-04-28,AC,317,16,36
2020-04-28,AL,777,36,23
2020-04-28,AM,4337,351,105
2020-04-28,AP,918,28,109
2020-04-28,BA,2564,93,17
2020-04-28,CE,6985,417,76
2020-04-28,DF,1230,28,41
2020-04-28,ES,2164,77,54
2020-04-28,GO,661,27,9
2020-04-28,MA,2804,166,40
2020-04-28,MG,1649,71,8
2020-04-28,MS,240,9,9
2020-04-28,MT,263,11,8
2020-04-28,PA,2319,132,27
2020-04-28,PB,698,57,17
2020-04-28,PE,5724,508,60
2020-04-28,PI,454,24,14
2020-04-28,PR,1286,79,11
2020-04-28,RJ,8504,738,49
2020-04-28,RN,1086,54,31
2020-04-28,RO,413,11,23
2020-04-28,RR,425,4,70
2020-04-28,RS,1350,49,12
2020-04-28,SC,1995,44,28
2020-04-28,SE,280,11,12
2020-04-28,SP,24041,2049,52
2020-04-28,TO,116,2,7
2020-04-29,AC,354,18,40
2020-04-29,AL,957,41,29
2020-04-29,AM,4801,380,116
2020-04-29,AP,1016,31,120
2020-04-29,BA,2676,100,18
2020-04-29,CE,7409,450,81
2020-04-29,DF,1313,28,44
2020-04-29,ES,2538,84,63
2020-04-29,GO,705,27,10
2020-04-29,MA,3190,184,45
2020-04-29,MG,1758,80,8
2020-04-29,MS,249,9,9
2020-04-29,MT,292,11,8
2020-04-29,PA,2586,156,30
2020-04-29,PB,814,62,20
2020-04-29,PE,6194,538,65
2020-04-29,PI,513,24,16
2020-04-29,PR,1364,84,12
2020-04-29,RJ,8869,794,51
2020-04-29,RN,1177,56,34
2020-04-29,RO,433,15,24
2020-04-29,RR,426,4,70
2020-04-29,RS,1420,51,12
2020-04-29,SC,2085,46,29
2020-04-29,SE,280,11,12
2020-04-29,SP,26158,2247,57
2020-04-29,TO,137,3,9
2020-04-30,AC,404,19,46
2020-04-30,AL,1045,47,31
2020-04-30,AM,5254,425,127
2020-04-30,AP,1080,34,128
2020-04-30,BA,2867,106,19
2020-04-30,CE,7861,492,86
2020-04-30,DF,1423,30,47
2020-04-30,ES,2688,93,67
2020-04-30,GO,781,29,11
2020-04-30,MA,3506,204,50
2020-04-30,MG,1827,82,9
2020-04-30,MS,255,9,9
2020-04-30,MT,302,11,9
2020-04-30,PA,2999,224,35
2020-04-30,PB,926,67,23
2020-04-30,PE,6876,565,72
2020-04-30,PI,600,24,18
2020-04-30,PR,1423,88,12
2020-04-30,RJ,9453,854,55
2020-04-30,RN,1297,56,37
2020-04-30,RO,502,16,28
2020-04-30,RR,519,7,86
2020-04-30,RS,1529,58,13
2020-04-30,SC,2394,48,33
2020-04-30,SE,453,14,20
2020-04-30,SP,28698,2375,62
2020-04-30,TO,164,3,10
2020-05-01,AC,487,19,55
2020-05-01,AL,1226,53,37
2020-05-01,AM,5723,476,138
2020-05-01,AP,1121,37,133
2020-05-01,BA,3140,117,21
2020-05-01,CE,8000,539,88
2020-05-01,DF,1546,31,51
2020-05-01,ES,2913,101,72
2020-05-01,GO,808,29,12
2020-05-01,MA,3805,224,54
2020-05-01,MG,1935,88,9
2020-05-01,MS,261,9,9
2020-05-01,MT,320,11,9
2020-05-01,PA,3359,263,39
2020-05-01,PB,1034,74,26
2020-05-01,PE,7334,603,77
2020-05-01,PI,665,26,20
2020-05-01,PR,1464,92,13
2020-05-01,RJ,10166,921,59
2020-05-01,RN,1366,59,39
2020-05-01,RO,585,18,33
2020-05-01,RR,519,7,86
2020-05-01,RS,1619,62,14
2020-05-01,SC,2104,50,29
2020-05-01,SE,517,14,22
2020-05-01,SP,30374,2511,66
2020-05-01,TO,191,4,12
2020-05-02,AC,553,22,63
2020-05-02,AL,1371,58,41
2020-05-02,AM,6062,501,146
2020-05-02,AP,1187,40,140
2020-05-02,BA,3315,123,22
2020-05-02,CE,8309,638,91
2020-05-02,DF,1605,32,53
2020-05-02,ES,3104,104,77
2020-05-02,GO,825,30,12
2020-05-02,MA,4040,237,57
2020-05-02,MG,2023,88,10
2020-05-02,MS,266,9,10
2020-05-02,MT,333,12,10
2020-05-02,PA,3727,306,43
2020-05-02,PB,1169,76,29
2020-05-02,PE,8145,628,85
2020-05-02,PI,742,28,23
2020-05-02,PR,1510,93,13
2020-05-02,RJ,10546,971,61
2020-05-02,RN,1392,61,40
2020-05-02,RO,654,23,37
2020-05-02,RR,519,7,86
2020-05-02,RS,1666,65,15
2020-05-02,SC,2346,52,33
2020-05-02,SE,601,14,26
2020-05-02,SP,31174,2586,68
2020-05-02,TO,246,4,16
2020-05-03,AC,658,25,75
2020-05-03,AL,1441,64,43
2020-05-03,AM,6683,548,161
2020-05-03,AP,1482,43,175
2020-05-03,BA,3566,128,24
2020-05-03,CE,8379,677,92
2020-05-03,DF,1720,33,57
2020-05-03,ES,3208,115,80
2020-05-03,GO,850,30,12
2020-05-03,MA,4227,249,60
2020-05-03,MG,2118,89,10
2020-05-03,MS,272,10,10
2020-05-03,MT,337,12,10
2020-05-03,PA,3920,317,46
2020-05-03,PB,1219,79,30
2020-05-03,PE,8643,652,90
2020-05-03,PI,784,28,24
2020-05-03,PR,1533,96,13
2020-05-03,RJ,11139,1019,65
2020-05-03,RN,1421,62,41
2020-05-03,RO,705,24,40
2020-05-03,RR,533,7,88
2020-05-03,RS,1690,67,15
2020-05-03,SC,2519,52,35
2020-05-03,SE,730,14,32
2020-05-03,SP,31772,2627,69
2020-05-03,TO,267,6,17
2020-05-04,AC,733,28,83
2020-05-04,AL,1538,72,46
2020-05-04,AM,7313,585,176
2020-05-04,AP,1733,49,205
2020-05-04,BA,3734,141,25
2020-05-04,CE,11040,712,121
2020-05-04,DF,1793,33,59
2020-05-04,ES,3351,123,83
2020-05-04,GO,861,30,12
2020-05-04,MA,4530,271,64
2020-05-04,MG,2347,90,11
2020-05-04,MS,274,10,10
2020-05-04,MT,344,13,10
2020-05-04,PA,4262,344,50
2020-05-04,PB,1361,85,34
2020-05-04,PE,8863,691,93
2020-05-04,PI,875,29,27
2020-05-04,PR,1581,97,14
2020-05-04,RJ,11721,1065,68
2020-05-04,RN,1536,68,44
2020-05-04,RO,756,25,43
2020-05-04,RR,578,11,95
2020-05-04,RS,1768,76,16
2020-05-04,SC,2623,55,37
2020-05-04,SE,772,17,34
2020-05-04,SP,32187,2654,70
2020-05-04,TO,303,7,19
2020-05-05,AC,817,29,93
2020-05-05,AL,1605,80,48
2020-05-05,AM,8109,649,196
2020-05-05,AP,1931,55,228
2020-05-05,BA,4040,146,27
2020-05-05,CE,11470,795,126
2020-05-05,DF,1837,34,61
2020-05-05,ES,3540,133,88
2020-05-05,GO,922,38,13
2020-05-05,MA,5028,291,71
2020-05-05,MG,2452,94,12
2020-05-05,MS,283,10,10
2020-05-05,MT,366,13,11
2020-05-05,PA,4756,375,55
2020-05-05,PB,1493,92,37
2020-05-05,PE,9325,749,98
2020-05-05,PI,949,30,29
2020-05-05,PR,1608,102,14
2020-05-05,RJ,12391,1123,72
2020-05-05,RN,1644,72,47
2020-05-05,RO,861,29,48
2020-05-05,RR,869,11,143
2020-05-05,RS,2019,83,18
2020-05-05,SC,2795,58,39
2020-05-05,SE,898,21,39
2020-05-05,SP,34053,2851,74
2020-05-05,TO,351,9,22
2020-05-06,AC,943,35,107
2020-05-06,AL,1703,89,51
2020-05-06,AM,9243,751,223
2020-05-06,AP,2046,56,242
2020-05-06,BA,4301,160,29
2020-05-06,CE,12310,849,135
2020-05-06,DF,2046,35,68
2020-05-06,ES,3714,146,92
2020-05-06,GO,1024,45,15
2020-05-06,MA,5389,305,76
2020-05-06,MG,2605,97,12
2020-05-06,MS,288,10,10
2020-05-06,MT,385,13,11
2020-05-06,PA,5524,410,64
2020-05-06,PB,1657,101,41
2020-05-06,PE,9881,803,103
2020-05-06,PI,1051,35,32
2020-05-06,PR,1647,104,14
2020-05-06,RJ,13295,1205,77
2020-05-06,RN,1739,76,50
2020-05-06,RO,943,33,53
2020-05-06,RR,932,13,154
2020-05-06,RS,2100,90,18
2020-05-06,SC,2917,59,41
2020-05-06,SE,998,23,43
2020-05-06,SP,37853,3045,82
2020-05-06,TO,423,9,27
2020-05-07,AC,1014,36,115
2020-05-07,AL,1867,98,56
2020-05-07,AM,10099,806,244
2020-05-07,AP,2199,61,260
2020-05-07,BA,4528,165,30
2020-05-07,CE,13888,903,152
2020-05-07,DF,2258,35,75
2020-05-07,ES,3988,157,99
2020-05-07,GO,1027,44,15
2020-05-07,MA,5909,330,84
2020-05-07,MG,2770,106,13
2020-05-07,MS,311,10,11
2020-05-07,MT,419,14,12
2020-05-07,PA,5935,488,69
2020-05-07,PB,1849,111,46
2020-05-07,PE,10824,845,113
2020-05-07,PI,1131,37,35
2020-05-07,PR,1678,107,15
2020-05-07,RJ,14156,1394,82
2020-05-07,RN,1821,81,52
2020-05-07,RO,1098,37,62
2020-05-07,RR,1020,14,168
2020-05-07,RS,2182,91,19
2020-05-07,SC,3082,63,43
2020-05-07,SE,1214,25,53
2020-05-07,SP,39928,3206,87
2020-05-07,TO,494,9,31
2020-05-08,AC,1177,38,133
2020-05-08,AL,2033,108,61
2020-05-08,AM,10727,874,259
2020-05-08,AP,2322,66,275
2020-05-08,BA,4818,183,32
2020-05-08,CE,15134,997,166
2020-05-08,DF,2442,37,81
2020-05-08,ES,4242,165,106
2020-05-08,GO,1053,49,15
2020-05-08,MA,6765,355,96
2020-05-08,MG,2943,111,14
2020-05-08,MS,326,11,12
2020-05-08,MT,464,15,13
2020-05-08,PA,6519,574,76
2020-05-08,PB,2030,114,51
2020-05-08,PE,11587,927,121
2020-05-08,PI,1233,38,38
2020-05-08,PR,1734,109,15
2020-05-08,RJ,15741,1503,91
2020-05-08,RN,1919,87,55
2020-05-08,RO,1222,39,69
2020-05-08,RR,1124,16,186
2020-05-08,RS,2493,95,22
2020-05-08,SC,3205,63,45
2020-05-08,SE,1438,28,63
2020-05-08,SP,41830,3416,91
2020-05-08,TO,572,9,36
2020-05-09,AC,1335,40,151
2020-05-09,AL,2170,114,65
2020-05-09,AM,11925,962,288
2020-05-09,AP,2493,69,295
2020-05-09,BA,5174,196,35
2020-05-09,CE,15879,1062,174
2020-05-09,DF,2576,39,85
2020-05-09,ES,4412,172,110
2020-05-09,GO,1069,47,15
2020-05-09,MA,7599,379,107
2020-05-09,MG,3123,118,15
2020-05-09,MS,346,11,12
2020-05-09,MT,502,16,14
2020-05-09,PA,7018,610,82
2020-05-09,PB,2156,124,54
2020-05-09,PE,12470,972,130
2020-05-09,PI,1278,42,39
2020-05-09,PR,1809,110,16
2020-05-09,RJ,16929,1653,98
2020-05-09,RN,1919,87,55
2020-05-09,RO,1263,41,71
2020-05-09,RR,1202,18,198
2020-05-09,RS,2542,97,22
2020-05-09,SC,3372,64,47
2020-05-09,SE,1588,33,69
2020-05-09,SP,44411,3608,97
2020-05-09,TO,688,11,44
2020-05-10,AC,1447,41,164
2020-05-10,AL,2258,126,68
2020-05-10,AM,12599,1004,304
2020-05-10,AP,2613,72,309
2020-05-10,BA,5558,202,37
2020-05-10,CE,16692,1114,183
2020-05-10,DF,2682,42,89
2020-05-10,ES,4599,181,114
2020-05-10,GO,1093,47,16
2020-05-10,MA,8144,399,115
2020-05-10,MG,3237,119,15
2020-05-10,MS,362,11,13
2020-05-10,MT,519,18,15
2020-05-10,PA,7348,672,85
2020-05-10,PB,2341,135,58
2020-05-10,PE,13275,1047,139
2020-05-10,PI,1332,45,41
2020-05-10,PR,1859,112,16
2020-05-10,RJ,17062,1714,99
2020-05-10,RN,1930,87,55
2020-05-10,RO,1302,43,73
2020-05-10,RR,1290,21,213
2020-05-10,RS,2576,100,23
2020-05-10,SC,3429,65,48
2020-05-10,SE,1771,34,77
2020-05-10,SP,45444,3709,99
2020-05-10,TO,747,12,47
2020-05-11,AC,1460,44,166
2020-05-11,AL,2343,138,70
2020-05-11,AM,12919,1035,312
2020-05-11,AP,2671,73,316
2020-05-11,BA,5808,214,39
2020-05-11,CE,17599,1189,193
2020-05-11,DF,2799,44,93
2020-05-11,ES,4819,196,120
2020-05-11,GO,1100,49,16
2020-05-11,MA,8526,423,121
2020-05-11,MG,3320,121,16
2020-05-11,MS,385,11,14
2020-05-11,MT,545,19,16
2020-05-11,PA,8069,812,94
2020-05-11,PB,2525,139,63
2020-05-11,PE,13768,1087,144
2020-05-11,PI,1443,49,44
2020-05-11,PR,1873,114,16
2020-05-11,RJ,17939,1770,104
2020-05-11,RN,2033,93,58
2020-05-11,RO,1398,47,79
2020-05-11,RR,1295,24,214
2020-05-11,RS,2808,105,25
2020-05-11,SC,3529,69,49
2020-05-11,SE,1800,37,78
2020-05-11,SP,46131,3743,100
2020-05-11,TO,828,14,53
2020-05-12,AC,1590,51,180
2020-05-12,AL,2580,150,77
2020-05-12,AM,14168,1098,342
2020-05-12,AP,2910,86,344
2020-05-12,BA,6204,225,42
2020-05-12,CE,18412,1280,202
2020-05-12,DF,2979,46,99
2020-05-12,ES,5087,212,127
2020-05-12,GO,1115,52,16
2020-05-12,MA,9112,444,129
2020-05-12,MG,3435,127,16
2020-05-12,MS,405,12,15
2020-05-12,MT,604,20,17
2020-05-12,PA,9059,914,105
2020-05-12,PB,2777,154,69
2020-05-12,PE,14309,1157,150
2020-05-12,PI,1612,57,49
2020-05-12,PR,1930,116,17
2020-05-12,RJ,18486,1928,107
2020-05-12,RN,2367,105,67
2020-05-12,RO,1460,50,82
2020-05-12,RR,1411,28,233
2020-05-12,RS,2917,111,26
2020-05-12,SC,3733,73,52
2020-05-12,SE,2032,37,88
2020-05-12,SP,47719,3949,104
2020-05-12,TO,932,21,59
2020-05-13,AC,1694,52,192
2020-05-13,AL,2761,164,83
2020-05-13,AM,15816,1160,382
2020-05-13,AP,3005,94,355
2020-05-13,BA,6547,236,44
2020-05-13,CE,19156,1389,210
2020-05-13,DF,3192,48,106
2020-05-13,ES,5401,233,134
2020-05-13,GO,1225,61,17
2020-05-13,MA,9801,470,139
2020-05-13,MG,3733,135,18
2020-05-13,MS,430,13,15
2020-05-13,MT,673,21,19
2020-05-13,PA,10344,1022,120
2020-05-13,PB,3045,157,76
2020-05-13,PE,14901,1224,156
2020-05-13,PI,1784,60,55
2020-05-13,PR,2023,120,18
2020-05-13,RJ,18728,2050,108
2020-05-13,RN,2537,117,72
2020-05-13,RO,1612,50,91
2020-05-13,RR,1411,29,233
2020-05-13,RS,2997,120,26
2020-05-13,SC,3828,73,53
2020-05-13,SE,2268,42,99
2020-05-13,SP,51097,4118,111
2020-05-13,TO,1029,23,65
2020-05-14,AC,1740,55,197
2020-05-14,AL,2972,177,89
2020-05-14,AM,17181,1235,415
2020-05-14,AP,3428,101,405
2020-05-14,BA,6955,262,47
2020-05-14,CE,21077,1413,231
2020-05-14,DF,3416,51,113
2020-05-14,ES,5813,249,145
2020-05-14,GO,1460,67,21
2020-05-14,MA,10739,496,152
2020-05-14,MG,3950,139,19
2020-05-14,MS,452,14,16
2020-05-14,MT,734,24,21
2020-05-14,PA,11479,1095,133
2020-05-14,PB,3361,160,84
2020-05-14,PE,15588,1298,163
2020-05-14,PI,1905,60,58
2020-05-14,PR,2091,122,18
2020-05-14,RJ,19467,2247,113
2020-05-14,RN,2786,122,79
2020-05-14,RO,1686,56,95
2020-05-14,RR,1500,37,248
2020-05-14,RS,3101,126,27
2020-05-14,SC,4332,78,60
2020-05-14,SE,2494,47,108
2020-05-14,SP,54286,4315,118
2020-05-14,TO,1179,24,75
2020-05-15,AC,1785,57,202
2020-05-15,AL,3212,187,96
2020-05-15,AM,18392,1331,444
2020-05-15,AP,3630,103,429
2020-05-15,BA,8128,281,55
2020-05-15,CE,23059,1566,253
2020-05-15,DF,3787,55,126
2020-05-15,ES,6198,260,154
2020-05-15,GO,1605,67,23
2020-05-15,MA,11592,524,164
2020-05-15,MG,4196,146,20
2020-05-15,MS,479,14,17
2020-05-15,MT,792,26,23
2020-05-15,PA,12626,1175,147
2020-05-15,PB,3739,170,93
2020-05-15,PE,16209,1381,170
2020-05-15,PI,2085,65,64
2020-05-15,PR,2167,124,19
2020-05-15,RJ,19987,2438,116
2020-05-15,RN,2786,122,79
2020-05-15,RO,1794,62,101
2020-05-15,RR,1589,40,262
2020-05-15,RS,3695,132,32
2020-05-15,SC,4562,79,64
2020-05-15,SE,2868,50,125
2020-05-15,SP,58378,4501,127
2020-05-15,TO,1279,27,81
2020-05-16,AC,1867,59,212
2020-05-16,AL,3593,199,108
2020-05-16,AM,19677,1375,475
2020-05-16,AP,3834,108,453
2020-05-16,BA,8314,286,56
2020-05-16,CE,23795,1614,261
2020-05-16,DF,4140,56,137
2020-05-16,ES,6595,271,164
2020-05-16,GO,1652,69,24
2020-05-16,MA,12492,549,177
2020-05-16,MG,4474,150,21
2020-05-16,MS,508,15,18
2020-05-16,MT,857,27,25
2020-05-16,PA,13464,1223,157
2020-05-16,PB,4063,183,101
2020-05-16,PE,18488,1461,193
2020-05-16,PI,2252,72,69
2020-05-16,PR,2272,126,20
2020-05-16,RJ,21601,2614,125
2020-05-16,RN,3004,136,86
2020-05-16,RO,1918,69,108
2020-05-16,RR,1706,49,282
2020-05-16,RS,3734,138,33
2020-05-16,SC,4678,81,65
2020-05-16,SE,3135,53,136
2020-05-16,SP,61183,4688,133
2020-05-16,TO,1279,27,81
2020-05-17,AC,1996,62,226
2020-05-17,AL,3816,210,114
2020-05-17,AM,20328,1413,490
2020-05-17,AP,3952,119,467
2020-05-17,BA,8443,295,57
2020-05-17,CE,24255,1641,266
2020-05-17,DF,4368,58,145
2020-05-17,ES,6744,285,168
2020-05-17,GO,1692,70,24
2020-05-17,MA,13238,576,187
2020-05-17,MG,4611,156,22
2020-05-17,MS,570,15,21
2020-05-17,MT,901,27,26
2020-05-17,PA,14201,1280,165
2020-05-17,PB,4347,194,108
2020-05-17,PE,19452,1516,204
2020-05-17,PI,2287,80,70
2020-05-17,PR,2316,127,20
2020-05-17,RJ,22238,2715,129
2020-05-17,RN,3138,139,89
2020-05-17,RO,1963,74,110
2020-05-17,RR,1791,51,296
2020-05-17,RS,3735,144,33
2020-05-17,SC,4776,83,67
2020-05-17,SE,3343,57,145
2020-05-17,SP,62345,4782,136
2020-05-17,TO,1496,32,95
2020-05-18,AC,2234,67,253
2020-05-18,AL,4031,221,121
2020-05-18,AM,20913,1433,505
2020-05-18,AP,4023,127,476
2020-05-18,BA,8881,312,60
2020-05-18,CE,26363,1748,289
2020-05-18,DF,4618,66,153
2020-05-18,ES,7157,302,178
2020-05-18,GO,1781,73,25
2020-05-18,MA,14198,604,201
2020-05-18,MG,4695,161,22
2020-05-18,MS,613,16,22
2020-05-18,MT,941,30,27
2020-05-18,PA,15467,1392,180
2020-05-18,PB,4786,207,119
2020-05-18,PE,20094,1640,210
2020-05-18,PI,2440,85,75
2020-05-18,PR,2390,130,21
2020-05-18,RJ,26665,2852,154
2020-05-18,RN,3483,160,99
2020-05-18,RO,2043,83,115
2020-05-18,RR,1882,60,311
2020-05-18,RS,3750,151,33
2020-05-18,SC,5175,85,72
2020-05-18,SE,3566,59,155
2020-05-18,SP,63066,4823,137
2020-05-18,TO,1646,38,105
2020-05-19,AC,2482,73,281
2020-05-19,AL,4319,234,129
2020-05-19,AM,22132,1491,534
2020-05-19,AP,4310,136,510
2020-05-19,BA,11013,326,74
2020-05-19,CE,28112,1856,308
2020-05-19,DF,4853,72,161
2020-05-19,ES,7693,325,191
2020-05-19,GO,1880,73,27
2020-05-19,MA,15114,634,214
2020-05-19,MG,4977,167,24
2020-05-19,MS,642,16,23
2020-05-19,MT,1005,32,29
2020-05-19,PA,17177,1554,200
2020-05-19,PB,5300,219,132
2020-05-19,PE,21242,1741,222
2020-05-19,PI,2637,87,81
2020-05-19,PR,2519,133,22
2020-05-19,RJ,27805,3079,161
2020-05-19,RN,3796,170,108
2020-05-19,RO,2413,88,136
2020-05-19,RR,1988,64,328
2020-05-19,RS,3798,160,33
2020-05-19,SC,5413,91,76
2020-05-19,SE,3967,63,173
2020-05-19,SP,65995,5147,144
2020-05-19,TO,1809,42,115
2020-05-20,AC,2817,75,319
2020-05-20,AL,4437,251,133
2020-05-20,AM,23704,1561,572
2020-05-20,AP,4549,142,538
2020-05-20,BA,11197,362,75
2020-05-20,CE,30560,1900,335
2020-05-20,DF,5271,78,175
2020-05-20,ES,8495,346,211
2020-05-20,GO,2049,78,29
2020-05-20,MA,16058,663,227
2020-05-20,MG,5286,177,25
2020-05-20,MS,693,17,25
2020-05-20,MT,1090,32,31
2020-05-20,PA,18929,1778,220
2020-05-20,PB,5838,230,145
2020-05-20,PE,22560,1834,236
2020-05-20,PI,2852,91,87
2020-05-20,PR,2656,140,23
2020-05-20,RJ,30372,3237,176
2020-05-20,RN,4060,178,116
2020-05-20,RO,2499,90,141
2020-05-20,RR,1988,64,328
2020-05-20,RS,4973,161,44
2020-05-20,SC,5499,94,77
2020-05-20,SE,4277,69,186
2020-05-20,SP,69859,5363,152
2020-05-20,TO,1976,47,126
2020-05-21,AC,3103,78,352
2020-05-21,AL,4916,262,147
2020-05-21,AM,25367,1620,612
2020-05-21,AP,5188,151,613
2020-05-21,BA,11941,376,80
2020-05-21,CE,31413,2161,344
2020-05-21,DF,5542,84,184
2020-05-21,ES,8878,363,221
2020-05-21,GO,2155,85,31
2020-05-21,MA,17212,693,243
2020-05-21,MG,5596,191,26
2020-05-21,MS,746,17,27
2020-05-21,MT,1187,34,34
2020-05-21,PA,20532,1893,239
2020-05-21,PB,6238,245,155
2020-05-21,PE,23911,1925,250
2020-05-21,PI,3074,93,94
2020-05-21,PR,2855,144,25
2020-05-21,RJ,32089,3412,186
2020-05-21,RN,4251,181,121
2020-05-21,RO,2499,90,141
2020-05-21,RR,1988,64,328
2020-05-21,RS,5473,166,48
2020-05-21,SC,5610,98,78
2020-05-21,SE,4734,76,206
2020-05-21,SP,73739,5558,161
2020-05-21,TO,2205,49,140
2020-05-22,AC,3343,80,379
2020-05-22,AL,5302,280,159
2020-05-22,AM,27038,1669,652
2020-05-22,AP,5655,157,669
2020-05-22,BA,12557,399,84
2020-05-22,CE,34573,2251,379
2020-05-22,DF,5948,90,197
2020-05-22,ES,9520,397,237
2020-05-22,GO,2344,95,33
2020-05-22,MA,18767,722,265
2020-05-22,MG,5995,201,28
2020-05-22,MS,805,17,29
2020-05-22,MT,1271,37,36
2020-05-22,PA,22697,2003,264
2020-05-22,PB,6882,248,171
2020-05-22,PE,25760,2057,270
2020-05-22,PI,3258,99,100
2020-05-22,PR,2985,149,26
2020-05-22,RJ,33589,3657,195
2020-05-22,RN,4599,184,131
2020-05-22,RO,2774,106,156
2020-05-22,RR,2296,72,379
2020-05-22,RS,5918,172,52
2020-05-22,SC,6458,100,90
2020-05-22,SE,4922,82,214
2020-05-22,SP,76871,5773,167
2020-05-22,TO,2430,51,154
2020-05-23,AC,3867,87,438
2020-05-23,AL,5630,301,169
2020-05-23,AM,28802,1744,695
2020-05-23,AP,5655,157,669
2020-05-23,BA,13000,413,87
2020-05-23,CE,35122,2308,385
2020-05-23,DF,6248,95,207
2020-05-23,ES,9918,417,247
2020-05-23,GO,2435,95,35
2020-05-23,MA,21191,754,300
2020-05-23,MG,6338,217,30
2020-05-23,MS,858,17,31
2020-05-23,MT,1363,37,39
2020-05-23,PA,24125,2150,280
2020-05-23,PB,7508,258,187
2020-05-23,PE,26786,2144,280
2020-05-23,PI,3390,107,104
2020-05-23,PR,3147,153,28
2020-05-23,RJ,34533,3905,200
2020-05-23,RN,4599,184,131
2020-05-23,RO,3109,115,175
2020-05-23,RR,2439,72,403
2020-05-23,RS,6336,176,56
2020-05-23,SC,6607,103,92
2020-05-23,SE,5131,86,223
2020-05-23,SP,80558,6045,175
2020-05-23,TO,2430,51,154
2020-05-24,AC,4160,92,472
2020-05-24,AL,6214,316,186
2020-05-24,AM,29867,1758,721
2020-05-24,AP,6353,163,751
2020-05-24,BA,13899,460,93
2020-05-24,CE,35595,2324,390
2020-05-24,DF,6638,104,220
2020-05-24,ES,10007,447,249
2020-05-24,GO,2488,95,35
2020-05-24,MA,22786,784,322
2020-05-24,MG,6668,226,31
2020-05-24,MS,1023,17,37
2020-05-24,MT,1464,40,42
2020-05-24,PA,24815,2290,288
2020-05-24,PB,7823,272,195
2020-05-24,PE,27759,2200,290
2020-05-24,PI,3550,110,108
2020-05-24,PR,3260,156,29
2020-05-24,RJ,37912,3993,220
2020-05-24,RN,4774,212,136
2020-05-24,RO,3201,121,180
2020-05-24,RR,2439,84,403
2020-05-24,RS,6470,180,57
2020-05-24,SC,6696,105,93
2020-05-24,SE,5314,93,231
2020-05-24,SP,82161,6163,179
2020-05-24,TO,2430,51,154
2020-05-25,AC,4501,97,510
2020-05-25,AL,6682,337,200
2020-05-25,AM,30282,1781,731
2020-05-25,AP,6584,168,778
2020-05-25,BA,14204,477,96
2020-05-25,CE,36185,2493,396
2020-05-25,DF,6930,114,230
2020-05-25,ES,10365,465,258
2020-05-25,GO,2515,96,36
2020-05-25,MA,24278,817,343
2020-05-25,MG,6962,230,33
2020-05-25,MS,1100,17,40
2020-05-25,MT,1594,42,46
2020-05-25,PA,27366,2431,318
2020-05-25,PB,8016,279,199
2020-05-25,PE,28366,2248,297
2020-05-25,PI,3720,119,114
2020-05-25,PR,3384,160,30
2020-05-25,RJ,39298,4105,228
2020-05-25,RN,5472,220,156
2020-05-25,RO,3268,121,184
2020-05-25,RR,2564,86,423
2020-05-25,RS,6559,197,58
2020-05-25,SC,6875,109,96
2020-05-25,SE,5448,103,237
2020-05-25,SP,83625,6220,182
2020-05-25,TO,2696,58,171
2020-05-26,AC,4781,105,542
2020-05-26,AL,7058,352,211
2020-05-26,AM,31949,1852,771
2020-05-26,AP,6967,173,824
2020-05-26,BA,14566,495,98
2020-05-26,CE,37021,2603,405
2020-05-26,DF,7210,124,239
2020-05-26,ES,10889,487,271
2020-05-26,GO,2706,104,39
2020-05-26,MA,26145,853,370
2020-05-26,MG,7516,234,36
2020-05-26,MS,1186,18,43
2020-05-26,MT,1744,43,50
2020-05-26,PA,29882,2522,347
2020-05-26,PB,8919,286,222
2020-05-26,PE,28854,2328,302
2020-05-26,PI,3966,134,121
2020-05-26,PR,3567,164,31
2020-05-26,RJ,40024,4361,232
2020-05-26,RN,5630,242,161
2020-05-26,RO,3493,133,197
2020-05-26,RR,2682,102,443
2020-05-26,RS,6785,203,60
2020-05-26,SC,7016,121,98
2020-05-26,SE,5735,116,249
2020-05-26,SP,86017,6423,187
2020-05-26,TO,2858,64,182
2020-05-27,AC,5251,113,595
2020-05-27,AL,7580,368,227
2020-05-27,AM,33508,1891,808
2020-05-27,AP,7619,183,901
2020-05-27,BA,15070,531,101
2020-05-27,CE,37275,2671,408
2020-05-27,DF,7761,133,257
2020-05-27,ES,11484,511,286
2020-05-27,GO,2906,108,41
2020-05-27,MA,27979,887,395
2020-05-27,MG,8011,240,38
2020-05-27,MS,1262,18,45
2020-05-27,MT,1909,47,55
2020-05-27,PA,31671,2605,368
2020-05-27,PB,10209,298,254
2020-05-27,PE,29919,2468,313
2020-05-27,PI,4243,138,130
2020-05-27,PR,3768,167,33
2020-05-27,RJ,42398,4605,246
2020-05-27,RN,5630,242,161
2020-05-27,RO,3862,137,217
2020-05-27,RR,2959,102,488
2020-05-27,RS,7048,209,62
2020-05-27,SC,7372,126,103
2020-05-27,SE,5912,127,257
2020-05-27,SP,89483,6712,195
2020-05-27,TO,2858,64,182
2020-05-28,AC,5600,122,635
2020-05-28,AL,8056,385,241
2020-05-28,AM,36146,1964,872
2020-05-28,AP,8152,198,964
2020-05-28,BA,15963,570,107
2020-05-28,CE,37821,2733,414
2020-05-28,DF,8300,142,275
2020-05-28,ES,12203,538,304
2020-05-28,GO,3101,115,44
2020-05-28,MA,30482,911,431
2020-05-28,MG,8686,255,41
2020-05-28,MS,1356,18,49
2020-05-28,MT,2085,54,60
2020-05-28,PA,35132,2785,408
2020-05-28,PB,11132,318,277
2020-05-28,PE,30713,2566,321
2020-05-28,PI,4503,146,138
2020-05-28,PR,4041,174,35
2020-05-28,RJ,44886,4856,260
2020-05-28,RN,6463,268,184
2020-05-28,RO,4252,142,239
2020-05-28,RR,3098,108,511
2020-05-28,RS,8234,213,72
2020-05-28,SC,8000,131,112
2020-05-28,SE,6156,135,268
2020-05-28,SP,95865,6980,209
2020-05-28,TO,3277,68,208
2020-05-29,AC,5841,135,662
2020-05-29,AL,8619,406,258
2020-05-29,AM,38909,2011,939
2020-05-29,AP,8469,207,1001
2020-05-29,BA,16917,609,114
2020-05-29,CE,38395,2859,420
2020-05-29,DF,8722,154,289
2020-05-29,ES,12903,560,321
2020-05-29,GO,3521,119,50
2020-05-29,MA,32620,932,461
2020-05-29,MG,9232,257,44
2020-05-29,MS,1418,19,51
2020-05-29,MT,2262,57,65
2020-05-29,PA,37296,2900,434
2020-05-29,PB,12011,327,299
2020-05-29,PE,32255,2669,337
2020-05-29,PI,4745,157,145
2020-05-29,PR,4300,178,38
2020-05-29,RJ,47953,5079,278
2020-05-29,RN,7402,305,211
2020-05-29,RO,4502,145,253
2020-05-29,RR,3299,110,545
2020-05-29,RS,8843,216,78
2020-05-29,SC,8530,134,119
2020-05-29,SE,6462,142,281
2020-05-29,SP,101556,7275,221
2020-05-29,TO,3611,70,230
2020-05-30,AC,6072,142,688
2020-05-30,AL,9223,424,276
2020-05-30,AM,40560,2047,979
2020-05-30,AP,9313,215,1101
2020-05-30,BA,17626,638,119
2020-05-30,CE,47822,2956,524
2020-05-30,DF,9474,162,314
2020-05-30,ES,13437,583,334
2020-05-30,GO,3609,124,51
2020-05-30,MA,34639,955,490
2020-05-30,MG,9630,263,45
2020-05-30,MS,1489,20,54
2020-05-30,MT,2413,58,69
2020-05-30,PA,37859,2920,440
2020-05-30,PB,12862,346,320
2020-05-30,PE,33427,2740,350
2020-05-30,PI,4931,161,151
2020-05-30,PR,4538,186,40
2020-05-30,RJ,52420,5277,304
2020-05-30,RN,7402,305,211
2020-05-30,RO,4743,151,267
2020-05-30,RR,3474,116,573
2020-05-30,RS,9242,218,81
2020-05-30,SC,8780,136,123
2020-05-30,SE,6805,149,296
2020-05-30,SP,107142,7532,233
2020-05-30,TO,3981,71,253
2020-05-31,AC,6219,148,705
2020-05-31,AL,10288,443,308
2020-05-31,AM,41378,2052,998
2020-05-31,AP,9602,222,1135
2020-05-31,BA,18392,667,124
2020-05-31,CE,48489,3010,531
2020-05-31,DF,9780,170,324
2020-05-31,ES,13690,604,341
2020-05-31,GO,3726,124,53
2020-05-31,MA,35297,976,499
2020-05-31,MG,10464,271,49
2020-05-31,MS,1568,20,56
2020-05-31,MT,2485,63,71
2020-05-31,PA,37961,2923,441
2020-05-31,PB,13162,360,328
2020-05-31,PE,34450,2807,360
2020-05-31,PI,5119,168,156
2020-05-31,PR,4752,187,42
2020-05-31,RJ,53388,5344,309
2020-05-31,RN,8008,323,228
2020-05-31,RO,4942,156,278
2020-05-31,RR,3692,116,609
2020-05-31,RS,9332,224,82
2020-05-31,SC,9037,143,126
2020-05-31,SE,6999,158,304
2020-05-31,SP,109698,7615,239
2020-05-31,TO,4176,73,266
2020-06-01,AC,6326,161,717
2020-06-01,AL,10837,461,325
2020-06-01,AM,41774,2071,1008
2020-06-01,AP,9890,228,1169
2020-06-01,BA,18898,701,127
2020-06-01,CE,50504,3188,553
2020-06-01,DF,10510,173,349
2020-06-01,ES,14285,628,355
2020-06-01,GO,4017,127,57
2020-06-01,MA,36625,997,518
2020-06-01,MG,10670,278,50
2020-06-01,MS,1646,20,59
2020-06-01,MT,2636,67,76
2020-06-01,PA,40014,3019,465
2020-06-01,PB,13695,370,341
2020-06-01,PE,34900,2875,365
2020-06-01,PI,5506,180,168
2020-06-01,PR,4900,195,43
2020-06-01,RJ,54530,5462,316
2020-06-01,RN,8233,341,235
2020-06-01,RO,4942,156,278
2020-06-01,RR,3850,120,636
2020-06-01,RS,9496,232,83
2020-06-01,SC,9498,146,133
2020-06-01,SE,7233,166,315
2020-06-01,SP,111296,7667,242
2020-06-01,TO,4345,76,276
2020-06-02,AC,6465,165,733
2020-06-02,AL,11559,482,346
2020-06-02,AM,43195,2102,1042
2020-06-02,AP,10511,237,1243
2020-06-02,BA,21430,736,144
2020-06-02,CE,54683,3504,599
2020-06-02,DF,11256,177,373
2020-06-02,ES,15151,664,377
2020-06-02,GO,4486,155,64
2020-06-02,MA,38174,1028,540
2020-06-02,MG,10939,289,52
2020-06-02,MS,1802,20,65
2020-06-02,MT,2817,75,81
2020-06-02,PA,43652,3144,507
2020-06-02,PB,14859,379,370
2020-06-02,PE,35508,2933,372
2020-06-02,PI,5828,192,178
2020-06-02,PR,5235,204,46
2020-06-02,RJ,56732,5686,329
2020-06-02,RN,9149,367,261
2020-06-02,RO,5477,172,308
2020-06-02,RR,4143,124,684
2020-06-02,RS,9919,245,87
2020-06-02,SC,9660,148,135
2020-06-02,SE,7555,172,329
2020-06-02,SP,118295,7994,258
2020-06-02,TO,4483,79,285
2020-06-03,AC,6679,171,757
2020-06-03,AL,12407,506,372
2020-06-03,AM,44347,2138,1070
2020-06-03,AP,11107,247,1313
2020-06-03,BA,22451,762,151
2020-06-03,CE,56056,3605,614
2020-06-03,DF,12020,191,399
2020-06-03,ES,16121,698,401
2020-06-03,GO,4701,159,67
2020-06-03,MA,40629,1062,574
2020-06-03,MG,12010,306,57
2020-06-03,MS,1925,20,69
2020-06-03,MT,3029,79,87
2020-06-03,PA,46473,3245,540
2020-06-03,PB,16018,414,399
2020-06-03,PE,36463,3012,382
2020-06-03,PI,6064,202,185
2020-06-03,PR,5567,210,49
2020-06-03,RJ,59240,6010,343
2020-06-03,RN,9282,378,265
2020-06-03,RO,5714,180,322
2020-06-03,RR,4143,124,684
2020-06-03,RS,10398,258,91
2020-06-03,SC,10034,152,140
2020-06-03,SE,7989,180,348
2020-06-03,SP,123483,8276,269
2020-06-03,TO,4698,82,299
2020-06-04,AC,7021,181,796
2020-06-04,AL,13096,531,392
2020-06-04,AM,46473,2158,1121
2020-06-04,AP,11551,254,1366
2020-06-04,BA,23463,790,158
2020-06-04,CE,59795,3813,655
2020-06-04,DF,12923,196,429
2020-06-04,ES,16894,737,420
2020-06-04,GO,5102,164,73
2020-06-04,MA,43313,1095,612
2020-06-04,MG,13034,323,62
2020-06-04,MS,1997,21,72
2020-06-04,MT,3388,84,97
2020-06-04,PA,49473,3492,575
2020-06-04,PB,17579,438,437
2020-06-04,PE,37507,3134,392
2020-06-04,PI,6717,217,205
2020-06-04,PR,5895,220,52
2020-06-04,RJ,60932,6327,353
2020-06-04,RN,9433,387,269
2020-06-04,RO,6459,194,363
2020-06-04,RR,4831,139,798
2020-06-04,RS,11010,265,97
2020-06-04,SC,10532,156,147
2020-06-04,SE,8200,186,357
2020-06-04,SP,129200,8561,281
2020-06-04,TO,4698,82,299
2020-06-05,AC,7284,190,826
2020-06-05,AL,13939,557,418
2020-06-05,AM,47666,2199,1150
2020-06-05,AP,12327,260,1458
2020-06-05,BA,26419,819,178
2020-06-05,CE,62176,3907,681
2020-06-05,DF,14208,202,471
2020-06-05,ES,18109,780,451
2020-06-05,GO,5605,167,80
2020-06-05,MA,45470,1132,643
2020-06-05,MG,13995,344,66
2020-06-05,MS,2132,21,77
2020-06-05,MT,3593,91,103
2020-06-05,PA,53860,3665,626
2020-06-05,PB,18579,451,462
2020-06-05,PE,38511,3205,403
2020-06-05,PI,7105,224,217
2020-06-05,PR,6434,233,56
2020-06-05,RJ,63066,6473,365
2020-06-05,RN,9449,410,269
2020-06-05,RO,6862,213,386
2020-06-05,RR,5238,139,865
2020-06-05,RS,11583,276,102
2020-06-05,SC,10846,159,151
2020-06-05,SE,8577,198,373
2020-06-05,SP,134565,8842,293
2020-06-05,TO,5505,96,350
2020-06-06,AC,7525,201,853
2020-06-06,AL,14818,582,444
2020-06-06,AM,48785,2232,1177
2020-06-06,AP,12773,269,1510
2020-06-06,BA,27396,846,184
2020-06-06,CE,63575,3965,696
2020-06-06,DF,15850,208,526
2020-06-06,ES,18950,806,472
2020-06-06,GO,5770,172,82
2020-06-06,MA,47593,1170,673
2020-06-06,MG,14939,368,71
2020-06-06,MS,2253,21,81
2020-06-06,MT,3788,101,109
2020-06-06,PA,53860,3665,626
2020-06-06,PB,19787,467,492
2020-06-06,PE,39361,3270,412
2020-06-06,PI,7478,239,228
2020-06-06,PR,6693,239,59
2020-06-06,RJ,64533,6639,374
2020-06-06,RN,9449,410,269
2020-06-06,RO,7701,228,433
2020-06-06,RR,5529,142,913
2020-06-06,RS,12037,283,106
2020-06-06,SC,11285,166,158
2020-06-06,SE,8972,208,390
2020-06-06,SP,140549,9058,306
2020-06-06,TO,5644,99,359
2020-06-07,AC,7983,207,905
2020-06-07,AL,15706,601,471
2020-06-07,AM,49269,2250,1189
2020-06-07,AP,13045,272,1542
2020-06-07,BA,28250,879,190
2020-06-07,CE,64271,3982,704
2020-06-07,DF,16623,214,551
2020-06-07,ES,19619,832,488
2020-06-07,GO,5857,173,83
2020-06-07,MA,48537,1208,686
2020-06-07,MG,15703,376,74
2020-06-07,MS,2324,22,84
2020-06-07,MT,4033,113,116
2020-06-07,PA,54271,3678,631
2020-06-07,PB,20310,484,505
2020-06-07,PE,40242,3305,421
2020-06-07,PI,7621,254,233
2020-06-07,PR,6987,244,61
2020-06-07,RJ,67756,6707,392
2020-06-07,RN,10888,431,310
2020-06-07,RO,8110,235,456
2020-06-07,RR,5768,145,952
2020-06-07,RS,12135,286,107
2020-06-07,SC,11565,171,161
2020-06-07,SE,9290,217,404
2020-06-07,SP,143073,9145,312
2020-06-07,TO,5644,99,359
2020-06-08,AC,8127,211,921
2020-06-08,AL,16339,622,490
2020-06-08,AM,49817,2271,1202
2020-06-08,AP,13294,278,1572
2020-06-08,BA,28715,910,193
2020-06-08,CE,66218,4192,725
2020-06-08,DF,16948,226,562
2020-06-08,ES,20659,871,514
2020-06-08,GO,6302,173,90
2020-06-08,MA,49371,1247,698
2020-06-08,MG,15883,380,75
2020-06-08,MS,2455,22,88
2020-06-08,MT,4243,126,122
2020-06-08,PA,57570,3835,669
2020-06-08,PB,20951,507,521
2020-06-08,PE,40705,3350,426
2020-06-08,PI,7927,265,242
2020-06-08,PR,7121,250,62
2020-06-08,RJ,69499,6781,403
2020-06-08,RN,11027,459,314
2020-06-08,RO,8626,245,485
2020-06-08,RR,6056,168,1000
2020-06-08,RS,12250,291,108
2020-06-08,SC,11742,177,164
2020-06-08,SE,9727,234,423
2020-06-08,SP,144593,9188,315
2020-06-08,TO,6052,114,385
2020-06-09,AC,8457,223,959
2020-06-09,AL,17193,640,515
2020-06-09,AM,51234,2315,1236
2020-06-09,AP,13771,285,1628
2020-06-09,BA,30481,937,205
2020-06-09,CE,69023,4359,756
2020-06-09,DF,18090,236,600
2020-06-09,ES,21964,904,547
2020-06-09,GO,6936,184,99
2020-06-09,MA,52069,1285,736
2020-06-09,MG,16102,399,76
2020-06-09,MS,2597,24,93
2020-06-09,MT,4504,140,129
2020-06-09,PA,60636,3898,705
2020-06-09,PB,22452,534,559
2020-06-09,PE,41010,3453,429
2020-06-09,PI,8359,283,255
2020-06-09,PR,7410,260,65
2020-06-09,RJ,72979,6928,423
2020-06-09,RN,11568,487,330
2020-06-09,RO,9220,255,519
2020-06-09,RR,6347,182,1048
2020-06-09,RS,12802,302,113
2020-06-09,SC,12192,179,170
2020-06-09,SE,10126,252,441
2020-06-09,SP,150138,9522,327
2020-06-09,TO,6257,120,398
2020-06-10,AC,8746,237,992
2020-06-10,AL,18176,660,545
2020-06-10,AM,52849,2363,1275
2020-06-10,AP,14623,289,1729
2020-06-10,BA,32685,975,220
2020-06-10,CE,71947,4519,788
2020-06-10,DF,19433,256,644
2020-06-10,ES,23391,937,582
2020-06-10,GO,7380,189,105
2020-06-10,MA,53508,1322,756
2020-06-10,MG,17501,409,83
2020-06-10,MS,2853,25,103
2020-06-10,MT,4762,153,137
2020-06-10,PA,63405,3980,737
2020-06-10,PB,24032,559,598
2020-06-10,PE,41935,3531,439
2020-06-10,PI,8823,299,270
2020-06-10,PR,7934,282,69
2020-06-10,RJ,74373,7138,431
2020-06-10,RN,13234,496,377
2020-06-10,RO,9850,267,554
2020-06-10,RR,6594,188,1089
2020-06-10,RS,13619,316,120
2020-06-10,SC,12594,184,176
2020-06-10,SE,10615,264,462
2020-06-10,SP,156316,9862,340
2020-06-10,TO,6529,124,415
2020-06-11,AC,9091,245,1031
2020-06-11,AL,19200,681,575
2020-06-11,AM,53989,2400,1303
2020-06-11,AP,15166,303,1793
2020-06-11,BA,33891,1013,228
2020-06-11,CE,74692,4708,818
2020-06-11,DF,20507,274,680
2020-06-11,ES,24428,966,608
2020-06-11,GO,7774,194,111
2020-06-11,MA,55680,1360,787
2020-06-11,MG,18448,431,87
2020-06-11,MS,3001,28,108
2020-06-11,MT,5086,163,146
2020-06-11,PA,65151,4090,757
2020-06-11,PB,25370,570,631
2020-06-11,PE,42994,3633,450
2020-06-11,PI,9337,317,285
2020-06-11,PR,8569,288,75
2020-06-11,RJ,75775,7363,439
2020-06-11,RN,13544,515,386
2020-06-11,RO,10547,293,593
2020-06-11,RR,6712,192,1108
2020-06-11,RS,14168,323,125
2020-06-11,SC,12953,186,181
2020-06-11,SE,11056,283,481
2020-06-11,SP,162520,10145,354
2020-06-11,TO,6744,128,429
2020-06-12,AC,9295,254,1054
2020-06-12,AL,20031,701,600
2020-06-12,AM,55111,2429,1330
2020-06-12,AP,15683,312,1854
2020-06-12,BA,34665,1039,233
2020-06-12,CE,75784,4812,830
2020-06-12,DF,21396,282,710
2020-06-12,ES,25502,999,635
2020-06-12,GO,7926,206,113
2020-06-12,MA,57605,1399,814
2020-06-12,MG,20106,446,95
2020-06-12,MS,3235,28,116
2020-06-12,MT,5390,181,155
2020-06-12,PA,66328,4132,771
2020-06-12,PB,26556,610,661
2020-06-12,PE,43872,3694,459
2020-06-12,PI,9825,335,300
2020-06-12,PR,8818,302,77
2020-06-12,RJ,77784,7417,451
2020-06-12,RN,13789,533,393
2020-06-12,RO,11224,296,632
2020-06-12,RR,6842,197,1129
2020-06-12,RS,14384,337,126
2020-06-12,SC,13165,191,184
2020-06-12,SE,11534,305,502
2020-06-12,SP,167900,10368,366
2020-06-12,TO,6931,130,441
2020-06-13,AC,9534,256,1081
2020-06-13,AL,20887,723,626
2020-06-13,AM,56026,2465,1352
2020-06-13,AP,16322,319,1930
2020-06-13,BA,35788,1069,241
2020-06-13,CE,76429,4829,837
2020-06-13,DF,21959,293,728
2020-06-13,ES,26011,1028,647
2020-06-13,GO,7941,211,113
2020-06-13,MA,58859,1436,832
2020-06-13,MG,20614,454,97
2020-06-13,MS,3433,31,124
2020-06-13,MT,5739,199,165
2020-06-13,PA,68456,4191,796
2020-06-13,PB,27454,623,683
2020-06-13,PE,44671,3784,467
2020-06-13,PI,10153,360,310
2020-06-13,PR,9353,320,82
2020-06-13,RJ,78836,7592,457
2020-06-13,RN,14171,534,404
2020-06-13,RO,11632,309,655
2020-06-13,RR,6875,200,1135
2020-06-13,RS,14627,344,129
2020-06-13,SC,13296,193,186
2020-06-13,SE,12866,316,560
2020-06-13,SP,172875,10581,376
2020-06-13,TO,6972,132,443
2020-06-14,AC,9642,259,1093
2020-06-14,AL,22199,744,665
2020-06-14,AM,56506,2492,1363
2020-06-14,AP,16512,324,1952
2020-06-14,BA,36401,1105,245
2020-06-14,CE,76833,4885,841
2020-06-14,DF,22871,304,759
2020-06-14,ES,26469,1055,659
2020-06-14,GO,7960,216,113
2020-06-14,MA,59850,1467,846
2020-06-14,MG,21381,475,101
2020-06-14,MS,3551,33,128
2020-06-14,MT,6108,213,175
2020-06-14,PA,69224,4201,805
2020-06-14,PB,28013,633,697
2020-06-14,PE,45261,3855,474
2020-06-14,PI,10357,374,316
2020-06-14,PR,9706,334,85
2020-06-14,RJ,79572,7672,461
2020-06-14,RN,14214,553,405
2020-06-14,RO,11865,324,668
2020-06-14,RR,6881,203,1136
2020-06-14,RS,14661,350,129
2020-06-14,SC,13360,195,186
2020-06-14,SE,13968,330,608
2020-06-14,SP,178202,10694,388
2020-06-14,TO,7137,136,454
2020-06-15,AC,9771,265,1108
2020-06-15,AL,22926,768,687
2020-06-15,AM,56777,2512,1370
2020-06-15,AP,16813,329,1988
2020-06-15,BA,37620,1145,253
2020-06-15,CE,79853,5041,874
2020-06-15,DF,23684,319,785
2020-06-15,ES,27652,1087,688
2020-06-15,GO,10441,238,149
2020-06-15,MA,60592,1499,856
2020-06-15,MG,21728,481,103
2020-06-15,MS,3785,36,136
2020-06-15,MT,6390,223,183
2020-06-15,PA,71243,4291,828
2020-06-15,PB,28668,656,713
2020-06-15,PE,45507,3886,476
2020-06-15,PI,10881,393,332
2020-06-15,PR,9839,342,86
2020-06-15,RJ,80946,7728,469
2020-06-15,RN,15212,585,434
2020-06-15,RO,12180,332,685
2020-06-15,RR,6935,216,1145
2020-06-15,RS,15438,360,136
2020-06-15,SC,13960,199,195
2020-06-15,SE,15675,352,682
2020-06-15,SP,181460,10767,395
2020-06-15,TO,7309,140,465
2020-06-16,AC,10003,271,1134
2020-06-16,AL,23632,793,708
2020-06-16,AM,58018,2550,1400
2020-06-16,AP,18024,337,2131
2020-06-16,BA,39206,1181,264
2020-06-16,CE,82169,5192,900
2020-06-16,DF,25380,348,842
2020-06-16,ES,29030,1132,722
2020-06-16,GO,11836,249,169
2020-06-16,MA,62711,1537,886
2020-06-16,MG,22024,502,104
2020-06-16,MS,4164,36,150
2020-06-16,MT,6877,250,197
2020-06-16,PA,74192,4350,862
2020-06-16,PB,30128,671,750
2020-06-16,PE,46427,3959,486
2020-06-16,PI,11559,398,353
2020-06-16,PR,10690,372,93
2020-06-16,RJ,83343,7967,483
2020-06-16,RN,15690,626,447
2020-06-16,RO,13010,346,732
2020-06-16,RR,7150,224,1180
2020-06-16,RS,16471,374,145
2020-06-16,SC,14402,212,201
2020-06-16,SE,16310,364,710
2020-06-16,SP,190285,11132,414
2020-06-16,TO,7573,149,481
2020-06-17,AC,10339,281,1172
2020-06-17,AL,24867,811,745
2020-06-17,AM,59547,2579,1437
2020-06-17,AP,18618,338,2201
2020-06-17,BA,40926,1222,275
2020-06-17,CE,85606,5307,937
2020-06-17,DF,27140,365,900
2020-06-17,ES,30507,1179,759
2020-06-17,GO,12776,255,182
2020-06-17,MA,64735,1570,915
2020-06-17,MG,23347,537,110
2020-06-17,MS,4274,39,154
2020-06-17,MT,7361,272,211
2020-06-17,PA,76623,4395,891
2020-06-17,PB,31712,696,789
2020-06-17,PE,47446,4009,496
2020-06-17,PI,12099,421,370
2020-06-17,PR,11225,394,98
2020-06-17,RJ,86963,8138,504
2020-06-17,RN,15889,655,453
2020-06-17,RO,13567,361,763
2020-06-17,RR,7421,224,1225
2020-06-17,RS,17128,387,151
2020-06-17,SC,15015,216,210
2020-06-17,SE,16807,383,731
2020-06-17,SP,191517,11521,417
2020-06-17,TO,7774,152,494
2020-06-18,AC,10664,287,1209
2020-06-18,AL,25633,831,768
2020-06-18,AM,60736,2605,1465
2020-06-18,AP,19387,342,2292
2020-06-18,BA,41577,1263,280
2020-06-18,CE,88132,5393,965
2020-06-18,DF,28521,379,946
2020-06-18,ES,31772,1223,791
2020-06-18,GO,13665,275,195
2020-06-18,MA,66091,1607,934
2020-06-18,MG,24906,570,118
2020-06-18,MS,4666,40,168
2020-06-18,MT,8166,295,234
2020-06-18,PA,80072,4469,931
2020-06-18,PB,33382,709,831
2020-06-18,PE,48626,4057,509
2020-06-18,PI,12567,435,384
2020-06-18,PR,12059,415,105
2020-06-18,RJ,87317,8412,506
2020-06-18,RN,16039,693,457
2020-06-18,RO,13804,374,777
2020-06-18,RR,7650,239,1263
2020-06-18,RS,17822,406,157
2020-06-18,SC,15573,222,217
2020-06-18,SE,17338,400,754
2020-06-18,SP,192628,11846,419
2020-06-18,TO,7956,159,506
2020-06-19,AC,10987,292,1246
2020-06-19,AL,26906,848,806
2020-06-19,AM,61683,2624,1488
2020-06-19,AP,19922,348,2356
2020-06-19,BA,43922,1305,295
2020-06-19,CE,90441,5497,990
2020-06-19,DF,30902,396,1025
2020-06-19,ES,33232,1267,827
2020-06-19,GO,14540,289,207
2020-06-19,MA,68500,1645,968
2020-06-19,MG,26052,600,123
2020-06-19,MS,4990,43,180
2020-06-19,MT,8725,322,250
2020-06-19,PA,82881,4519,963
2020-06-19,PB,35093,724,873
2020-06-19,PE,49720,4102,520
2020-06-19,PI,13813,459,422
2020-06-19,PR,12932,428,113
2020-06-19,RJ,93378,8595,541
2020-06-19,RN,19206,697,548
2020-06-19,RO,14353,391,808
2020-06-19,RR,8037,245,1327
2020-06-19,RS,18587,423,163
2020-06-19,SC,16332,234,228
2020-06-19,SE,17808,426,775
2020-06-19,SP,211658,12232,461
2020-06-19,TO,8203,167,522
2020-06-20,AC,11263,297,1277
2020-06-20,AL,27698,866,830
2020-06-20,AM,62902,2650,1518
2020-06-20,AP,21574,353,2551
2020-06-20,BA,45304,1350,305
2020-06-20,CE,92397,5520,1012
2020-06-20,DF,32238,405,1069
2020-06-20,ES,34238,1297,852
2020-06-20,GO,15450,295,220
2020-06-20,MA,69673,1684,985
2020-06-20,MG,27305,636,129
2020-06-20,MS,5237,45,188
2020-06-20,MT,9262,341,266
2020-06-20,PA,84654,4583,984
2020-06-20,PB,36521,743,909
2020-06-20,PE,51118,4148,535
2020-06-20,PI,14264,485,436
2020-06-20,PR,13821,437,121
2020-06-20,RJ,95537,8824,553
2020-06-20,RN,19290,697,550
2020-06-20,RO,14952,409,841
2020-06-20,RR,8120,251,1340
2020-06-20,RS,19138,430,168
2020-06-20,SC,17108,237,239
2020-06-20,SE,18449,448,803
2020-06-20,SP,215793,12494,470
2020-06-20,TO,8354,175,531
2020-06-21,AC,11381,300,1290
2020-06-21,AL,28657,884,859
2020-06-21,AM,63410,2657,1530
2020-06-21,AP,21840,359,2582
2020-06-21,BA,46279,1391,311
2020-06-21,CE,92866,5523,1017
2020-06-21,DF,33227,423,1102
2020-06-21,ES,34866,1328,868
2020-06-21,GO,15904,306,227
2020-06-21,MA,70059,1721,990
2020-06-21,MG,27641,661,131
2020-06-21,MS,5391,47,194
2020-06-21,MT,9776,370,281
2020-06-21,PA,86020,4605,1000
2020-06-21,PB,36784,766,915
2020-06-21,PE,52113,4234,545
2020-06-21,PI,14476,502,442
2020-06-21,PR,14501,451,127
2020-06-21,RJ,96133,8875,557
2020-06-21,RN,19957,730,569
2020-06-21,RO,15181,417,854
2020-06-21,RR,8188,251,1352
2020-06-21,RS,19348,434,170
2020-06-21,SC,17582,246,245
2020-06-21,SE,18985,462,826
2020-06-21,SP,219185,12588,477
2020-06-21,TO,8477,178,539
2020-06-22,AC,11539,305,1308
2020-06-22,AL,29395,903,881
2020-06-22,AM,63731,2671,1538
2020-06-22,AP,24862,372,2940
2020-06-22,BA,47086,1441,317
2020-06-22,CE,94708,5618,1037
2020-06-22,DF,34148,449,1133
2020-06-22,ES,36147,1387,899
2020-06-22,GO,17085,324,243
2020-06-22,MA,70689,1760,999
2020-06-22,MG,28918,688,137
2020-06-22,MS,5784,55,208
2020-06-22,MT,10270,394,295
2020-06-22,PA,88636,4672,1030
2020-06-22,PB,37253,784,927
2020-06-22,PE,52494,4252,549
2020-06-22,PI,15269,517,466
2020-06-22,PR,15124,469,132
2020-06-22,RJ,97572,8933,565
2020-06-22,RN,20075,750,572
2020-06-22,RO,15827,432,891
2020-06-22,RR,10340,250,1707
2020-06-22,RS,19710,458,173
2020-06-22,SC,17937,256,250
2020-06-22,SE,19384,491,843
2020-06-22,SP,221973,12634,483
2020-06-22,TO,8766,179,557
2020-06-23,AC,11810,321,1339
2020-06-23,AL,30246,920,906
2020-06-23,AM,65073,2686,1570
2020-06-23,AP,26437,380,3126
2020-06-23,BA,49084,1491,330
2020-06-23,CE,98055,5728,1074
2020-06-23,DF,35368,475,1173
2020-06-23,ES,36827,1425,916
2020-06-23,GO,18014,355,257
2020-06-23,MA,72021,1797,1018
2020-06-23,MG,29897,720,141
2020-06-23,MS,6201,56,223
2020-06-23,MT,11017,423,316
2020-06-23,PA,91708,4726,1066
2020-06-23,PB,38999,807,971
2020-06-23,PE,52831,4339,553
2020-06-23,PI,16227,534,496
2020-06-23,PR,15853,498,139
2020-06-23,RJ,100869,9153,584
2020-06-23,RN,21844,814,623
2020-06-23,RO,16499,444,928
2020-06-23,RR,10803,259,1783
2020-06-23,RS,20864,477,183
2020-06-23,SC,19244,263,269
2020-06-23,SE,19883,511,865
2020-06-23,SP,229475,13068,500
2020-06-23,TO,9098,181,578
2020-06-24,AC,12022,326,1363
2020-06-24,AL,31230,938,936
2020-06-24,AM,66764,2710,1611
2020-06-24,AP,26919,387,3183
2020-06-24,BA,51931,1541,349
2020-06-24,CE,99578,5815,1090
2020-06-24,DF,37254,495,1236
2020-06-24,ES,38483,1463,958
2020-06-24,GO,19280,375,275
2020-06-24,MA,73314,1836,1036
2020-06-24,MG,31343,771,148
2020-06-24,MS,6523,61,235
2020-06-24,MT,11571,445,332
2020-06-24,PA,94036,4748,1093
2020-06-24,PB,39912,828,993
2020-06-24,PE,54022,4425,565
2020-06-24,PI,17080,546,522
2020-06-24,PR,16963,521,148
2020-06-24,RJ,103493,9295,599
2020-06-24,RN,22738,865,648
2020-06-24,RO,17424,455,980
2020-06-24,RR,11872,271,1960
2020-06-24,RS,22009,500,193
2020-06-24,SC,20921,279,292
2020-06-24,SE,20353,524,885
2020-06-24,SP,238822,13352,520
2020-06-24,TO,9425,183,599
2020-06-25,AC,12304,335,1395
2020-06-25,AL,32065,958,961
2020-06-25,AM,67267,2731,1623
2020-06-25,AP,27415,394,3242
2020-06-25,BA,54291,1601,365
2020-06-25,CE,103118,5895,1129
2020-06-25,DF,38871,509,1289
2020-06-25,ES,40406,1490,1005
2020-06-25,GO,20377,384,290
2020-06-25,MA,74925,1871,1059
2020-06-25,MG,32769,806,155
2020-06-25,MS,6913,65,249
2020-06-25,MT,12601,476,362
2020-06-25,PA,96472,4803,1121
2020-06-25,PB,40824,842,1016
2020-06-25,PE,55136,4488,577
2020-06-25,PI,18023,574,551
2020-06-25,PR,17822,539,156
2020-06-25,RJ,105897,9450,613
2020-06-25,RN,23806,896,679
2020-06-25,RO,17424,455,980
2020-06-25,RR,12911,273,2131
2020-06-25,RS,23060,500,203
2020-06-25,SC,21951,289,306
2020-06-25,SE,21081,554,917
2020-06-25,SP,248587,13759,541
2020-06-25,TO,9681,186,616
2020-06-26,AC,12644,343,1434
2020-06-26,AL,32864,975,985
2020-06-26,AM,68220,2739,1646
2020-06-26,AP,27662,401,3271
2020-06-26,BA,56422,1642,379
2020-06-26,CE,105270,5962,1153
2020-06-26,DF,41326,532,1371
2020-06-26,ES,41652,1507,1036
2020-06-26,GO,21441,425,305
2020-06-26,MA,76698,1906,1084
2020-06-26,MG,38891,833,184
2020-06-26,MS,7307,68,263
2020-06-26,MT,13406,504,385
2020-06-26,PA,99313,4834,1154
2020-06-26,PB,42832,864,1066
2020-06-26,PE,55804,4610,584
2020-06-26,PI,18665,592,570
2020-06-26,PR,18672,564,163
2020-06-26,RJ,108497,9587,628
2020-06-26,RN,24253,909,692
2020-06-26,RO,19271,476,1084
2020-06-26,RR,13078,281,2159
2020-06-26,RS,24114,540,212
2020-06-26,SC,22947,298,320
2020-06-26,SE,21908,579,953
2020-06-26,SP,258508,13966,563
2020-06-26,TO,9966,191,634
2020-06-27,AC,12913,351,1464
2020-06-27,AL,33521,993,1004
2020-06-27,AM,69022,2772,1665
2020-06-27,AP,27901,406,3299
2020-06-27,BA,65244,1697,439
2020-06-27,CE,107064,5987,1172
2020-06-27,DF,42766,537,1418
2020-06-27,ES,41652,1507,1036
2020-06-27,GO,21865,434,312
2020-06-27,MA,78115,1943,1104
2020-06-27,MG,40966,882,194
2020-06-27,MS,7527,72,271
2020-06-27,MT,14128,533,405
2020-06-27,PA,100443,4845,1168
2020-06-27,PB,44242,896,1101
2020-06-27,PE,57089,4708,597
2020-06-27,PI,19158,615,585
2020-06-27,PR,19819,575,173
2020-06-27,RJ,108803,9789,630
2020-06-27,RN,24301,937,693
2020-06-27,RO,19735,481,1110
2020-06-27,RR,14341,281,2367
2020-06-27,RS,25000,554,220
2020-06-27,SC,23808,304,332
2020-06-27,SE,23319,605,1014
2020-06-27,SP,265581,14263,578
2020-06-27,TO,10228,192,650
2020-06-28,AC,13058,353,1481
2020-06-28,AL,34312,1012,1028
2020-06-28,AM,69649,2782,1680
2020-06-28,AP,27985,407,3309
2020-06-28,BA,68495,1748,461
2020-06-28,CE,107593,5995,1178
2020-06-28,DF,44905,548,1489
2020-06-28,ES,43683,1566,1087
2020-06-28,GO,22165,436,316
2020-06-28,MA,78512,1982,1110
2020-06-28,MG,42741,899,202
2020-06-28,MS,7676,75,276
2020-06-28,MT,14654,556,421
2020-06-28,PA,101207,4870,1176
2020-06-28,PB,44679,911,1112
2020-06-28,PE,58107,4751,608
2020-06-28,PI,19753,643,603
2020-06-28,PR,20742,599,181
2020-06-28,RJ,111298,9819,645
2020-06-28,RN,29784,999,849
2020-06-28,RO,19820,486,1115
2020-06-28,RR,14459,281,2387
2020-06-28,RS,25243,559,222
2020-06-28,SC,24364,312,340
2020-06-28,SE,24421,620,1062
2020-06-28,SP,271737,14338,592
2020-06-28,TO,10359,195,659
2020-06-29,AC,13146,361,1491
2020-06-29,AL,35116,1032,1052
2020-06-29,AM,69893,2792,1686
2020-06-29,AP,28253,413,3341
2020-06-29,BA,69467,1800,467
2020-06-29,CE,108225,6076,1185
2020-06-29,DF,47071,559,1561
2020-06-29,ES,45097,1620,1122
2020-06-29,GO,23379,467,333
2020-06-29,MA,78969,2012,1116
2020-06-29,MG,43864,940,207
2020-06-29,MS,7965,76,287
2020-06-29,MT,15328,590,440
2020-06-29,PA,103206,4920,1200
2020-06-29,PB,45057,931,1121
2020-06-29,PE,58476,4782,612
2020-06-29,PI,20422,663,624
2020-06-29,PR,21326,613,187
2020-06-29,RJ,111883,9848,648
2020-06-29,RN,30352,1039,866
2020-06-29,RO,20406,499,1148
2020-06-29,RR,14641,283,2417
2020-06-29,RS,25659,582,226
2020-06-29,SC,25056,324,350
2020-06-29,SE,24817,653,1080
2020-06-29,SP,275145,14398,599
2020-06-29,TO,10764,200,684
2020-06-30,AC,13253,365,1503
2020-06-30,AL,35962,1052,1078
2020-06-30,AM,70823,2823,1709
2020-06-30,AP,28492,417,3369
2020-06-30,BA,73307,1853,493
2020-06-30,CE,110483,6146,1210
2020-06-30,DF,49218,587,1632
2020-06-30,ES,46893,1647,1167
2020-06-30,GO,24910,491,355
2020-06-30,MA,80451,2048,1137
2020-06-30,MG,45001,965,213
2020-06-30,MS,8676,85,312
2020-06-30,MT,16304,629,468
2020-06-30,PA,105853,4960,1230
2020-06-30,PB,46957,977,1169
2020-06-30,PE,58858,4829,616
2020-06-30,PI,22059,686,674
2020-06-30,PR,22877,649,200
2020-06-30,RJ,112611,10080,652
2020-06-30,RN,31964,1072,911
2020-06-30,RO,21251,518,1196
2020-06-30,RR,15153,314,2501
2020-06-30,RS,26941,614,237
2020-06-30,SC,26354,341,368
2020-06-30,SE,25411,676,1105
2020-06-30,SP,281380,14763,613
2020-06-30,TO,11222,204,713
2020-07-01,AC,13715,370,1555
2020-07-01,AL,36819,1072,1103
2020-07-01,AM,72284,2843,1744
2020-07-01,AP,28927,420,3420
2020-07-01,BA,76485,1902,514
2020-07-01,CE,114038,6203,1249
2020-07-01,DF,50676,620,1681
2020-07-01,ES,48821,1692,1215
2020-07-01,GO,26145,521,373
2020-07-01,MA,83256,2081,1177
2020-07-01,MG,47584,1007,225
2020-07-01,MS,9062,91,326
2020-07-01,MT,17401,665,499
2020-07-01,PA,108067,5004,1256
2020-07-01,PB,48175,1002,1199
2020-07-01,PE,59705,4894,625
2020-07-01,PI,23307,697,712
2020-07-01,PR,24225,663,212
2020-07-01,RJ,115278,10198,668
2020-07-01,RN,32962,1108,940
2020-07-01,RO,21523,523,1211
2020-07-01,RR,17583,354,2903
2020-07-01,RS,28171,636,248
2020-07-01,SC,27279,347,381
2020-07-01,SE,26612,725,1158
2020-07-01,SP,289935,15030,631
2020-07-01,TO,11454,209,728
2020-07-02,AC,14048,378,1593
2020-07-02,AL,37328,1091,1118
2020-07-02,AM,73530,2862,1774
2020-07-02,AP,29153,427,3447
2020-07-02,BA,79349,1947,534
2020-07-02,CE,116519,6307,1276
2020-07-02,DF,52281,631,1734
2020-07-02,ES,50242,1727,1250
2020-07-02,GO,26318,572,375
2020-07-02,MA,86025,2119,1216
2020-07-02,MG,50707,1059,240
2020-07-02,MS,9388,107,338
2020-07-02,MT,18356,706,527
2020-07-02,PA,110411,5050,1283
2020-07-02,PB,49536,1044,1233
2020-07-02,PE,61119,4968,640
2020-07-02,PI,24376,726,745
2020-07-02,PR,26304,706,230
2020-07-02,RJ,116823,10332,677
2020-07-02,RN,33487,1177,955
2020-07-02,RO,21970,530,1236
2020-07-02,RR,18323,358,3025
2020-07-02,RS,29195,663,257
2020-07-02,SC,28575,362,399
2020-07-02,SE,26612,725,1158
2020-07-02,SP,302179,15351,658
2020-07-02,TO,11736,211,746
2020-07-03,AC,14112,387,1600
2020-07-03,AL,38404,1113,1151
2020-07-03,AM,74537,2887,1798
2020-07-03,AP,29574,438,3497
2020-07-03,BA,82314,2001,553
2020-07-03,CE,118311,6373,1296
2020-07-03,DF,53996,643,1791
2020-07-03,ES,51689,1758,1286
2020-07-03,GO,27502,602,392
2020-07-03,MA,88214,2153,1247
2020-07-03,MG,53351,1110,252
2020-07-03,MS,9910,114,357
2020-07-03,MT,19540,741,561
2020-07-03,PA,112531,5069,1308
2020-07-03,PB,50765,1062,1263
2020-07-03,PE,62362,5068,653
2020-07-03,PI,25561,762,781
2020-07-03,PR,28166,727,246
2020-07-03,RJ,118956,10500,689
2020-07-03,RN,34322,1205,979
2020-07-03,RO,22241,533,1251
2020-07-03,RR,18769,364,3098
2020-07-03,RS,30371,690,267
2020-07-03,SC,30261,376,422
2020-07-03,SE,28186,764,1226
2020-07-03,SP,310517,15694,676
2020-07-03,TO,12282,215,781
2020-07-04,AC,14487,391,1643
2020-07-04,AL,39255,1134,1176
2020-07-04,AM,75502,2918,1822
2020-07-04,AP,29809,441,3525
2020-07-04,BA,85485,2050,575
2020-07-04,CE,121464,6441,1330
2020-07-04,DF,55760,671,1849
2020-07-04,ES,52824,1781,1314
2020-07-04,GO,28526,621,406
2020-07-04,MA,89057,2185,1259
2020-07-04,MG,55958,1183,264
2020-07-04,MS,10089,117,363
2020-07-04,MT,20333,786,584
2020-07-04,PA,113811,5096,1323
2020-07-04,PB,52306,1082,1302
2020-07-04,PE,63457,5116,664
2020-07-04,PI,26079,784,797
2020-07-04,PR,30570,763,267
2020-07-04,RJ,120428,10624,698
2020-07-04,RN,34645,1213,988
2020-07-04,RO,22957,548,1292
2020-07-04,RR,18922,368,3124
2020-07-04,RS,31619,715,278
2020-07-04,SC,31931,383,446
2020-07-04,SE,29761,783,1295
2020-07-04,SP,312530,15996,681
2020-07-04,TO,12476,220,793
2020-07-05,AC,14622,391,1658
2020-07-05,AL,39935,1153,1197
2020-07-05,AM,76014,2929,1834
2020-07-05,AP,29883,442,3533
2020-07-05,BA,87048,2107,585
2020-07-05,CE,121986,6439,1336
2020-07-05,DF,57854,699,1919
2020-07-05,ES,53393,1803,1329
2020-07-05,GO,28526,621,406
2020-07-05,MA,89714,2219,1268
2020-07-05,MG,58283,1201,275
2020-07-05,MS,10253,122,369
2020-07-05,MT,21081,821,605
2020-07-05,PA,114535,5105,1331
2020-07-05,PB,52728,1099,1312
2020-07-05,PE,65129,5143,681
2020-07-05,PI,26511,809,810
2020-07-05,PR,31459,795,275
2020-07-05,RJ,121292,10667,703
2020-07-05,RN,35056,1254,1000
2020-07-05,RO,23479,555,1321
2020-07-05,RR,18948,371,3128
2020-07-05,RS,31955,727,281
2020-07-05,SC,32969,393,460
2020-07-05,SE,30217,798,1315
2020-07-05,SP,320179,16078,697
2020-07-05,TO,12640,224,804
2020-07-06,AC,14688,394,1665
2020-07-06,AL,40569,1172,1216
2020-07-06,AM,76427,2938,1844
2020-07-06,AP,30004,449,3548
2020-07-06,BA,88279,2168,594
2020-07-06,CE,123394,6504,1351
2020-07-06,DF,60383,726,2003
2020-07-06,ES,54547,1836,1357
2020-07-06,GO,30187,654,430
2020-07-06,MA,90251,2250,1276
2020-07-06,MG,59626,1230,282
2020-07-06,MS,10687,128,385
2020-07-06,MT,22078,857,634
2020-07-06,PA,116152,5128,1350
2020-07-06,PB,53151,1118,1323
2020-07-06,PE,65642,5163,687
2020-07-06,PI,27514,834,841
2020-07-06,PR,32769,820,287
2020-07-06,RJ,121879,10698,706
2020-07-06,RN,35897,1297,1024
2020-07-06,RO,23920,558,1346
2020-07-06,RR,19088,376,3151
2020-07-06,RS,32401,759,285
2020-07-06,SC,33822,406,472
2020-07-06,SE,30718,826,1336
2020-07-06,SP,323070,16134,704
2020-07-06,TO,13004,228,827
2020-07-07,AC,14941,399,1694
2020-07-07,AL,41524,1192,1244
2020-07-07,AM,79167,2952,1910
2020-07-07,AP,30294,455,3582
2020-07-07,BA,91954,2216,618
2020-07-07,CE,126142,6563,1381
2020-07-07,DF,62694,767,2079
2020-07-07,ES,56703,1879,1411
2020-07-07,GO,32001,726,456
2020-07-07,MA,92088,2286,1302
2020-07-07,MG,60897,1282,288
2020-07-07,MS,11063,134,398
2020-07-07,MT,23506,896,675
2020-07-07,PA,118744,5169,1380
2020-07-07,PB,54802,1145,1364
2020-07-07,PE,66151,5234,692
2020-07-07,PI,28411,858,868
2020-07-07,PR,34308,851,300
2020-07-07,RJ,124086,10881,719
2020-07-07,RN,36493,1322,1041
2020-07-07,RO,24563,577,1382
2020-07-07,RR,19284,386,3183
2020-07-07,RS,33800,793,297
2020-07-07,SC,35343,420,493
2020-07-07,SE,31640,851,1376
2020-07-07,SP,332708,16475,725
2020-07-07,TO,13440,233,854
2020-07-08,AC,15167,404,1720
2020-07-08,AL,42322,1213,1268
2020-07-08,AM,80082,2967,1932
2020-07-08,AP,30524,462,3609
2020-07-08,BA,95536,2277,642
2020-07-08,CE,128471,6665,1407
2020-07-08,DF,64314,801,2133
2020-07-08,ES,58537,1911,1457
2020-07-08,GO,33367,748,475
2020-07-08,MA,92939,2324,1314
2020-07-08,MG,64035,1355,302
2020-07-08,MS,11063,134,398
2020-07-08,MT,23506,896,675
2020-07-08,PA,120731,5196,1403
2020-07-08,PB,56344,1171,1402
2020-07-08,PE,67604,5323,707
2020-07-08,PI,28411,888,868
2020-07-08,PR,35715,895,312
2020-07-08,RJ,126329,10970,732
2020-07-08,RN,36493,1322,1041
2020-07-08,RO,25067,585,1410
2020-07-08,RR,19284,386,3183
2020-07-08,RS,35557,825,313
2020-07-08,SC,36810,432,514
2020-07-08,SE,32490,875,1413
2020-07-08,SP,341365,16788,743
2020-07-08,TO,13440,233,854
